Title,Authors,Journal,Year,Published,E-published,Volume,Issue,Pages,DOI,PMID,Labels,Qualifiers,IUID,URL,DOI URL,PubMed URL
Tryptophan hydroxylase gene 1 (TPH1) variants associated with cerebrospinal fluid 5-hydroxyindole acetic acid and homovanillic acid concentrations in healthy volunteers.,"Andreou D, Saetre P, Werge T, Andreassen OA, Agartz I, Sedvall GC, Hall H, Terenius L, Jönsson EG",Psychiatry Res,2010,2010-12-30,2010-06-29,180,2-3,63-67,10.1016/j.psychres.2009.11.018,20580984,NGI Uppsala (SNP&SEQ Technology Platform),,eb8fba97ca2b4824869e0e74714644a4,https://publications.scilifelab.se/publication/eb8fba97ca2b4824869e0e74714644a4,https://doi.org/10.1016/j.psychres.2009.11.018,https://www.ncbi.nlm.nih.gov/pubmed/20580984
Defining the transcriptome and proteome in three functionally different human cell lines.,"Lundberg E, Fagerberg L, Klevebring D, Matic I, Geiger T, Cox J, Algenäs C, Lundeberg J, Mann M, Uhlen M",Mol. Syst. Biol.,2010,2010-12-21,2010-12-24,6,,450,10.1038/msb.2010.106,21179022,"Cell Profiling, NGI Stockholm (Genomics Applications), NGI Stockholm (Genomics Production)",,8976e73062c743639011aea31322f5c4,https://publications.scilifelab.se/publication/8976e73062c743639011aea31322f5c4,https://doi.org/10.1038/msb.2010.106,https://www.ncbi.nlm.nih.gov/pubmed/21179022
"Unbalanced translocation 9;16 in two children with dysmorphic features, and severe developmental delay: Evidence of cross-over within derivative chromosome 9 in patient #1.","Zambrano RM, Wohler E, Annerén G, Thuresson AC, Cutting GR, Batista DA",Eur J Med Genet,2010,2010-12-07,2010-12-07,54,2,189-193,10.1016/j.ejmg.2010.11.008,21144914,NGI Uppsala (Uppsala Genome Center),,13d3b764ad5e4bf282c6a1e3b541162d,https://publications.scilifelab.se/publication/13d3b764ad5e4bf282c6a1e3b541162d,https://doi.org/10.1016/j.ejmg.2010.11.008,https://www.ncbi.nlm.nih.gov/pubmed/21144914
Analysis of transcript and protein overlap in a human osteosarcoma cell line.,"Klevebring D, Fagerberg L, Lundberg E, Emanuelsson O, Uhlén M, Lundeberg J",BMC Genomics,2010,2010-12-02,2010-12-02,11,,684,10.1186/1471-2164-11-684,21126332,"Cell Profiling, NGI Stockholm (Genomics Applications), NGI Stockholm (Genomics Production), NGI Uppsala (Uppsala Genome Center)",,bbc4aa27752846dea221f0b103fdcdbf,https://publications.scilifelab.se/publication/bbc4aa27752846dea221f0b103fdcdbf,https://doi.org/10.1186/1471-2164-11-684,https://www.ncbi.nlm.nih.gov/pubmed/21126332
Associations of gene sequence variation and serum levels of C-reactive protein and interleukin-6 with Alzheimer's disease and dementia.,"Eriksson UK, Pedersen NL, Reynolds CA, Hong MG, Prince JA, Gatz M, Dickman PW, Bennet AM",J. Alzheimers Dis.,2010,2010-12-01,2010-12-01,23,2,361-369,10.3233/JAD-2010-101671,21116047,NGI Uppsala (SNP&SEQ Technology Platform),,d9d7334b5ed84f6997779557091c6c34,https://publications.scilifelab.se/publication/d9d7334b5ed84f6997779557091c6c34,https://doi.org/10.3233/JAD-2010-101671,https://www.ncbi.nlm.nih.gov/pubmed/21116047
Common variants at 10 genomic loci influence hemoglobin A₁(C) levels via glycemic and nonglycemic pathways.,"Soranzo N, Sanna S, Wheeler E, Gieger C, Radke D, Dupuis J, Bouatia-Naji N, Langenberg C, Prokopenko I, Stolerman E, Sandhu MS, Heeney MM, Devaney JM, Reilly MP, Ricketts SL, Stewart AF, Voight BF, Willenborg C, Wright B, Altshuler D, Arking D, Balkau B, Barnes D, Boerwinkle E, Böhm B, Bonnefond A, Bonnycastle LL, Boomsma DI, Bornstein SR, Böttcher Y, Bumpstead S, Burnett-Miller MS, Campbell H, Cao A, Chambers J, Clark R, Collins FS, Coresh J, de Geus EJ, Dei M, Deloukas P, Döring A, Egan JM, Elosua R, Ferrucci L, Forouhi N, Fox CS, Franklin C, Franzosi MG, Gallina S, Goel A, Graessler J, Grallert H, Greinacher A, Hadley D, Hall A, Hamsten A, Hayward C, Heath S, Herder C, Homuth G, Hottenga JJ, Hunter-Merrill R, Illig T, Jackson AU, Jula A, Kleber M, Knouff CW, Kong A, Kooner J, Köttgen A, Kovacs P, Krohn K, Kühnel B, Kuusisto J, Laakso M, Lathrop M, Lecoeur C, Li M, Li M, Loos RJ, Luan J, Lyssenko V, Mägi R, Magnusson PK, Mälarstig A, Mangino M, Martínez-Larrad MT, März W, McArdle WL, McPherson R, Meisinger C, Meitinger T, Melander O, Mohlke KL, Mooser VE, Morken MA, Narisu N, Nathan DM, Nauck M, O'Donnell C, Oexle K, Olla N, Pankow JS, Payne F, Peden JF, Pedersen NL, Peltonen L, Perola M, Polasek O, Porcu E, Rader DJ, Rathmann W, Ripatti S, Rocheleau G, Roden M, Rudan I, Salomaa V, Saxena R, Schlessinger D, Schunkert H, Schwarz P, Seedorf U, Selvin E, Serrano-Ríos M, Shrader P, Silveira A, Siscovick D, Song K, Spector TD, Stefansson K, Steinthorsdottir V, Strachan DP, Strawbridge R, Stumvoll M, Surakka I, Swift AJ, Tanaka T, Teumer A, Thorleifsson G, Thorsteinsdottir U, Tönjes A, Usala G, Vitart V, Völzke H, Wallaschofski H, Waterworth DM, Watkins H, Wichmann HE, Wild SH, Willemsen G, Williams GH, Wilson JF, Winkelmann J, Wright AF, WTCCC , Zabena C, Zhao JH, Epstein SE, Erdmann J, Hakonarson HH, Kathiresan S, Khaw KT, Roberts R, Samani NJ, Fleming MD, Sladek R, Abecasis G, Boehnke M, Froguel P, Groop L, McCarthy MI, Kao WH, Florez JC, Uda M, Wareham NJ, Barroso I, Meigs JB",Diabetes,2010,2010-12-00,2010-09-21,59,12,3229-3239,10.2337/db10-0502,20858683,NGI Uppsala (SNP&SEQ Technology Platform),Service,10110364b86746baa129d44062770482,https://publications.scilifelab.se/publication/10110364b86746baa129d44062770482,https://doi.org/10.2337/db10-0502,https://www.ncbi.nlm.nih.gov/pubmed/20858683
A pyrosequencing study in twins shows that gastrointestinal microbial profiles vary with inflammatory bowel disease phenotypes.,"Willing BP, Dicksved J, Halfvarson J, Andersson AF, Lucio M, Zheng Z, Järnerot G, Tysk C, Jansson JK, Engstrand L",Gastroenterology,2010,2010-12-00,2010-09-08,139,6,1844-1854.e1,10.1053/j.gastro.2010.08.049,20816835,"NGI Stockholm (Genomics Applications), NGI Stockholm (Genomics Production)",,3943cafd8d924224afc0aedc6b4c267e,https://publications.scilifelab.se/publication/3943cafd8d924224afc0aedc6b4c267e,https://doi.org/10.1053/j.gastro.2010.08.049,https://www.ncbi.nlm.nih.gov/pubmed/20816835
Distinct gene expression profiles in subsets of chronic lymphocytic leukemia expressing stereotyped IGHV4-34 B-cell receptors.,"Marincevic M, Mansouri M, Kanduri M, Isaksson A, Göransson H, Smedby KE, Jurlander J, Juliusson G, Davi F, Stamatopoulos K, Rosenquist R",Haematologica,2010,2010-12-00,2010-08-31,95,12,2072-2079,10.3324/haematol.2010.028639,20801898,"Array and Analysis Facility, NGI Stockholm (Genomics Applications), NGI Stockholm (Genomics Production), NGI Uppsala (Uppsala Genome Center)",,49de0859712c408eabd80917a59f2310,https://publications.scilifelab.se/publication/49de0859712c408eabd80917a59f2310,https://doi.org/10.3324/haematol.2010.028639,https://www.ncbi.nlm.nih.gov/pubmed/20801898
SOX10 expression in superficial spreading and nodular malignant melanomas.,"Agnarsdóttir M, Sooman L, Bolander A, Strömberg S, Rexhepaj E, Bergqvist M, Ponten F, Gallagher W, Lennartsson J, Ekman S, Uhlen M, Hedstrand H",Melanoma Res.,2010,2010-12-00,2010-10-05,20,6,468-478,10.1097/CMR.0b013e3283403ccd,20890226,Tissue Profiling,,78b877d735664093a8a37345d69d87c7,https://publications.scilifelab.se/publication/78b877d735664093a8a37345d69d87c7,https://doi.org/10.1097/CMR.0b013e3283403ccd,https://www.ncbi.nlm.nih.gov/pubmed/20890226
The genetic architecture of domestication in the chicken: effects of pleiotropy and linkage.,"Wright D, Rubin CJ, Martinez Barrio A, Schütz K, Kerje S, Brändström H, Kindmark A, Jensen P, Andersson L",Mol. Ecol.,2010,2010-12-00,2010-11-03,19,23,5140-5156,10.1111/j.1365-294X.2010.04882.x,21040053,NGI Uppsala (SNP&SEQ Technology Platform),,9286df46be4c4a84a0e04830876a3b84,https://publications.scilifelab.se/publication/9286df46be4c4a84a0e04830876a3b84,https://doi.org/10.1111/j.1365-294X.2010.04882.x,https://www.ncbi.nlm.nih.gov/pubmed/21040053
High frequency of p16(INK4A) promoter methylation in NRAS-mutated cutaneous melanoma.,"Jonsson A, Tuominen R, Grafström E, Hansson J, Egyhazi S",J. Invest. Dermatol.,2010,2010-12-00,2010-08-13,130,12,2809-2817,10.1038/jid.2010.216,20703244,"NGI Stockholm (Genomics Applications), NGI Stockholm (Genomics Production)",,ace41dfd8e0840279e4ac0c774e367a0,https://publications.scilifelab.se/publication/ace41dfd8e0840279e4ac0c774e367a0,https://doi.org/10.1038/jid.2010.216,https://www.ncbi.nlm.nih.gov/pubmed/20703244
Interactions of dietary whole-grain intake with fasting glucose- and insulin-related genetic loci in individuals of European descent: a meta-analysis of 14 cohort studies.,"Nettleton JA, McKeown NM, Kanoni S, Lemaitre RN, Hivert MF, Ngwa J, van Rooij FJ, Sonestedt E, Wojczynski MK, Ye Z, Tanaka T, Garcia M, Anderson JS, Follis JL, Djousse L, Mukamal K, Papoutsakis C, Mozaffarian D, Zillikens MC, Bandinelli S, Bennett AJ, Borecki IB, Feitosa MF, Ferrucci L, Forouhi NG, Groves CJ, Hallmans G, Harris T, Hofman A, Houston DK, Hu FB, Johansson I, Kritchevsky SB, Langenberg C, Launer L, Liu Y, Loos RJ, Nalls M, Orho-Melander M, Renstrom F, Rice K, Riserus U, Rolandsson O, Rotter JI, Saylor G, Sijbrands EJ, Sjogren P, Smith A, Steingrímsdóttir L, Uitterlinden AG, Wareham NJ, Prokopenko I, Pankow JS, van Duijn CM, Florez JC, Witteman JC, MAGIC Investigators , Dupuis J, Dedoussis GV, Ordovas JM, Ingelsson E, Cupples L, Siscovick DS, Franks PW, Meigs JB",Diabetes Care,2010,2010-12-00,2010-08-10,33,12,2684-2691,10.2337/dc10-1150,20693352,NGI Uppsala (SNP&SEQ Technology Platform),,b7f29558b4af4c6f98335230b12d1dc2,https://publications.scilifelab.se/publication/b7f29558b4af4c6f98335230b12d1dc2,https://doi.org/10.2337/dc10-1150,https://www.ncbi.nlm.nih.gov/pubmed/20693352
A high-density scan of the Z chromosome in Ficedula flycatchers reveals candidate loci for diversifying selection.,"Backström N, Lindell J, Zhang Y, Palkopoulou E, Qvarnström A, Saetre GP, Ellegren H",Evolution,2010,2010-12-00,2010-07-16,64,12,3461-3475,10.1111/j.1558-5646.2010.01082.x,20629730,NGI Uppsala (SNP&SEQ Technology Platform),,cb52173bbf4a4f1481c7e14d19e92f04,https://publications.scilifelab.se/publication/cb52173bbf4a4f1481c7e14d19e92f04,https://doi.org/10.1111/j.1558-5646.2010.01082.x,https://www.ncbi.nlm.nih.gov/pubmed/20629730
SNPs in genes coding for ROS metabolism and signalling in association with docetaxel clearance.,"Edvardsen H, Brunsvig PF, Solvang H, Tsalenko A, Andersen A, Syvanen AC, Yakhini Z, Børresen-Dale AL, Olsen H, Aamdal S, Kristensen VN",Pharmacogenomics J.,2010,2010-12-00,2010-02-17,10,6,513-523,10.1038/tpj.2010.6,20157331,NGI Uppsala (SNP&SEQ Technology Platform),,daf02d7c1bf84c84a384d68131acfd2a,https://publications.scilifelab.se/publication/daf02d7c1bf84c84a384d68131acfd2a,https://doi.org/10.1038/tpj.2010.6,https://www.ncbi.nlm.nih.gov/pubmed/20157331
Thirty new loci for age at menarche identified by a meta-analysis of genome-wide association studies.,"Elks CE, Perry JR, Sulem P, Chasman DI, Franceschini N, He C, Lunetta KL, Visser JA, Byrne EM, Cousminer DL, Gudbjartsson DF, Esko T, Feenstra B, Hottenga JJ, Koller DL, Kutalik Z, Lin P, Mangino M, Marongiu M, McArdle PF, Smith AV, Stolk L, van Wingerden SH, Zhao JH, Albrecht E, Corre T, Ingelsson E, Hayward C, Magnusson PK, Smith EN, Ulivi S, Warrington NM, Zgaga L, Alavere H, Amin N, Aspelund T, Bandinelli S, Barroso I, Berenson GS, Bergmann S, Blackburn H, Boerwinkle E, Buring JE, Busonero F, Campbell H, Chanock SJ, Chen W, Cornelis MC, Couper D, Coviello AD, d'Adamo P, de Faire U, de Geus EJ, Deloukas P, Döring A, Smith GD, Easton DF, Eiriksdottir G, Emilsson V, Eriksson J, Ferrucci L, Folsom AR, Foroud T, Garcia M, Gasparini P, Geller F, Gieger C, GIANT Consortium , Gudnason V, Hall P, Hankinson SE, Ferreli L, Heath AC, Hernandez DG, Hofman A, Hu FB, Illig T, Järvelin MR, Johnson AD, Karasik D, Khaw KT, Kiel DP, Kilpeläinen TO, Kolcic I, Kraft P, Launer LJ, Laven JS, Li S, Liu J, Levy D, Martin NG, McArdle WL, Melbye M, Mooser V, Murray JC, Murray SS, Nalls MA, Navarro P, Nelis M, Ness AR, Northstone K, Oostra BA, Peacock M, Palmer LJ, Palotie A, Paré G, Parker AN, Pedersen NL, Peltonen L, Pennell CE, Pharoah P, Polasek O, Plump AS, Pouta A, Porcu E, Rafnar T, Rice JP, Ring SM, Rivadeneira F, Rudan I, Sala C, Salomaa V, Sanna S, Schlessinger D, Schork NJ, Scuteri A, Segrè AV, Shuldiner AR, Soranzo N, Sovio U, Srinivasan SR, Strachan DP, Tammesoo ML, Tikkanen E, Toniolo D, Tsui K, Tryggvadottir L, Tyrer J, Uda M, van Dam RM, van Meurs JB, Vollenweider P, Waeber G, Wareham NJ, Waterworth DM, Weedon MN, Wichmann HE, Willemsen G, Wilson JF, Wright AF, Young L, Zhai G, Zhuang WV, Bierut LJ, Boomsma DI, Boyd HA, Crisponi L, Demerath EW, van Duijn CM, Econs MJ, Harris TB, Hunter DJ, Loos RJ, Metspalu A, Montgomery GW, Ridker PM, Spector TD, Streeten EA, Stefansson K, Thorsteinsdottir U, Uitterlinden AG, Widen E, Murabito JM, Ong KK, Murray A",Nat. Genet.,2010,2010-12-00,2010-11-26,42,12,1077-1085,10.1038/ng.714,21102462,NGI Uppsala (SNP&SEQ Technology Platform),Service,e338b78c45024a2896fdcaa1073fc3ee,https://publications.scilifelab.se/publication/e338b78c45024a2896fdcaa1073fc3ee,https://doi.org/10.1038/ng.714,https://www.ncbi.nlm.nih.gov/pubmed/21102462
Towards a knowledge-based Human Protein Atlas.,"Uhlen M, Oksvold P, Fagerberg L, Lundberg E, Jonasson K, Forsberg M, Zwahlen M, Kampf C, Wester K, Hober S, Wernerus H, Björling L, Ponten F",Nat. Biotechnol.,2010,2010-12-00,2010-12-09,28,12,1248-1250,10.1038/nbt1210-1248,21139605,"Autoimmunity Profiling, Cell Profiling",Technology development,fb446ca4d0534cbfab21de4404938c49,https://publications.scilifelab.se/publication/fb446ca4d0534cbfab21de4404938c49,https://doi.org/10.1038/nbt1210-1248,https://www.ncbi.nlm.nih.gov/pubmed/21139605
"The obesity related gene, FTO, interacts with APOE, and is associated with Alzheimer's disease risk: a prospective cohort study.","Keller L, Xu W, Wang HX, Winblad B, Fratiglioni L, Graff C",J. Alzheimers Dis.,2010,2010-11-26,2010-11-26,23,3,461-469,10.3233/JAD-2010-101068,21098976,Mutation Analysis Facility (MAF),,a3360f0bfa004bea9ca37b6b64c086dd,https://publications.scilifelab.se/publication/a3360f0bfa004bea9ca37b6b64c086dd,https://doi.org/10.3233/JAD-2010-101068,https://www.ncbi.nlm.nih.gov/pubmed/21098976
SNP detection and prediction of variability between chicken lines using genome resequencing of DNA pools.,"Marklund S, Carlborg O",BMC Genomics,2010,2010-11-25,2010-11-25,11,,665,10.1186/1471-2164-11-665,21108801,NGI Uppsala (Uppsala Genome Center),,95602e2c69144b29be43c990a4c55b8d,https://publications.scilifelab.se/publication/95602e2c69144b29be43c990a4c55b8d,https://doi.org/10.1186/1471-2164-11-665,https://www.ncbi.nlm.nih.gov/pubmed/21108801
"Gene expression profiling and chromatin immunoprecipitation identify DBN1, SETMAR and HIG2 as direct targets of SOX11 in mantle cell lymphoma.","Wang X, Björklund S, Wasik AM, Grandien A, Andersson P, Kimby E, Dahlman-Wright K, Zhao C, Christensson B, Sander B",PLoS ONE,2010,2010-11-22,2010-11-22,5,11,e14085,10.1371/journal.pone.0014085,21124928,Bioinformatics and Expression Analysis (BEA),,329341749ed544ad9028d36d8972f6a4,https://publications.scilifelab.se/publication/329341749ed544ad9028d36d8972f6a4,https://doi.org/10.1371/journal.pone.0014085,https://www.ncbi.nlm.nih.gov/pubmed/21124928
Meta-analysis identifies 13 new loci associated with waist-hip ratio and reveals sexual dimorphism in the genetic basis of fat distribution.,"Heid IM, Jackson AU, Randall JC, Winkler TW, Qi L, Steinthorsdottir V, Thorleifsson G, Zillikens MC, Speliotes EK, Mägi R, Workalemahu T, White CC, Bouatia-Naji N, Harris TB, Berndt SI, Ingelsson E, Willer CJ, Weedon MN, Luan J, Vedantam S, Esko T, Kilpeläinen TO, Kutalik Z, Li S, Monda KL, Dixon AL, Holmes CC, Kaplan LM, Liang L, Min JL, Moffatt MF, Molony C, Nicholson G, Schadt EE, Zondervan KT, Feitosa MF, Ferreira T, Lango Allen H, Weyant RJ, Wheeler E, Wood AR, MAGIC , Estrada K, Goddard ME, Lettre G, Mangino M, Nyholt DR, Purcell S, Smith AV, Visscher PM, Yang J, McCarroll SA, Nemesh J, Voight BF, Absher D, Amin N, Aspelund T, Coin L, Glazer NL, Hayward C, Heard-Costa NL, Hottenga JJ, Johansson A, Johnson T, Kaakinen M, Kapur K, Ketkar S, Knowles JW, Kraft P, Kraja AT, Lamina C, Leitzmann MF, McKnight B, Morris AP, Ong KK, Perry JR, Peters MJ, Polasek O, Prokopenko I, Rayner NW, Ripatti S, Rivadeneira F, Robertson NR, Sanna S, Sovio U, Surakka I, Teumer A, van Wingerden S, Vitart V, Zhao JH, Cavalcanti-Proença C, Chines PS, Fisher E, Kulzer JR, Lecoeur C, Narisu N, Sandholt C, Scott LJ, Silander K, Stark K, Tammesoo ML, Teslovich TM, Timpson NJ, Watanabe RM, Welch R, Chasman DI, Cooper MN, Jansson JO, Kettunen J, Lawrence RW, Pellikka N, Perola M, Vandenput L, Alavere H, Almgren P, Atwood LD, Bennett AJ, Biffar R, Bonnycastle LL, Bornstein SR, Buchanan TA, Campbell H, Day IN, Dei M, Dörr M, Elliott P, Erdos MR, Eriksson JG, Freimer NB, Fu M, Gaget S, Geus EJ, Gjesing AP, Grallert H, Grässler J, Groves CJ, Guiducci C, Hartikainen AL, Hassanali N, Havulinna AS, Herzig KH, Hicks AA, Hui J, Igl W, Jousilahti P, Jula A, Kajantie E, Kinnunen L, Kolcic I, Koskinen S, Kovacs P, Kroemer HK, Krzelj V, Kuusisto J, Kvaloy K, Laitinen J, Lantieri O, Lathrop GM, Lokki ML, Luben RN, Ludwig B, McArdle WL, McCarthy A, Morken MA, Nelis M, Neville MJ, Paré G, Parker AN, Peden JF, Pichler I, Pietiläinen KH, Platou CG, Pouta A, Ridderstråle M, Samani NJ, Saramies J, Sinisalo J, Smit JH, Strawbridge RJ, Stringham HM, Swift AJ, Teder-Laving M, Thomson B, Usala G, van Meurs JB, van Ommen GJ, Vatin V, Volpato CB, Wallaschofski H, Walters GB, Widen E, Wild SH, Willemsen G, Witte DR, Zgaga L, Zitting P, Beilby JP, James AL, Kähönen M, Lehtimäki T, Nieminen MS, Ohlsson C, Palmer LJ, Raitakari O, Ridker PM, Stumvoll M, Tönjes A, Viikari J, Balkau B, Ben-Shlomo Y, Bergman RN, Boeing H, Smith GD, Ebrahim S, Froguel P, Hansen T, Hengstenberg C, Hveem K, Isomaa B, Jørgensen T, Karpe F, Khaw KT, Laakso M, Lawlor DA, Marre M, Meitinger T, Metspalu A, Midthjell K, Pedersen O, Salomaa V, Schwarz PE, Tuomi T, Tuomilehto J, Valle TT, Wareham NJ, Arnold AM, Beckmann JS, Bergmann S, Boerwinkle E, Boomsma DI, Caulfield MJ, Collins FS, Eiriksdottir G, Gudnason V, Gyllensten U, Hamsten A, Hattersley AT, Hofman A, Hu FB, Illig T, Iribarren C, Jarvelin MR, Kao WH, Kaprio J, Launer LJ, Munroe PB, Oostra B, Penninx BW, Pramstaller PP, Psaty BM, Quertermous T, Rissanen A, Rudan I, Shuldiner AR, Soranzo N, Spector TD, Syvanen AC, Uda M, Uitterlinden A, Völzke H, Vollenweider P, Wilson JF, Witteman JC, Wright AF, Abecasis GR, Boehnke M, Borecki IB, Deloukas P, Frayling TM, Groop LC, Haritunians T, Hunter DJ, Kaplan RC, North KE, O'Connell JR, Peltonen L, Schlessinger D, Strachan DP, Hirschhorn JN, Assimes TL, Wichmann HE, Thorsteinsdottir U, van Duijn CM, Stefansson K, Cupples LA, Loos RJ, Barroso I, McCarthy MI, Fox CS, Mohlke KL, Lindgren CM",Nat. Genet.,2010,2010-11-00,2010-10-12,42,11,949-960,10.1038/ng.685,20935629,NGI Uppsala (SNP&SEQ Technology Platform),,20c3b2a3f89c4415ba5d2cffcf699165,https://publications.scilifelab.se/publication/20c3b2a3f89c4415ba5d2cffcf699165,https://doi.org/10.1038/ng.685,https://www.ncbi.nlm.nih.gov/pubmed/20935629
Meiofauna reduces bacterial mineralization of naphthalene in marine sediment.,"Näslund J, Nascimento FJ, Gunnarsson JS",ISME J,2010,2010-11-00,2010-05-14,4,11,1421-1430,10.1038/ismej.2010.63,20463764,NGI Uppsala (Uppsala Genome Center),,34111be2048f4625a193b2667af88a69,https://publications.scilifelab.se/publication/34111be2048f4625a193b2667af88a69,https://doi.org/10.1038/ismej.2010.63,https://www.ncbi.nlm.nih.gov/pubmed/20463764
Creation of an antibody-based subcellular protein atlas.,"Lundberg E, Uhlén M",Proteomics,2010,2010-11-00,2010-07-22,10,22,3984-3996,10.1002/pmic.201000125,20648481,Cell Profiling,,64c09e829c5b4b38acb0651cdc56bed7,https://publications.scilifelab.se/publication/64c09e829c5b4b38acb0651cdc56bed7,https://doi.org/10.1002/pmic.201000125,https://www.ncbi.nlm.nih.gov/pubmed/20648481
Toward next generation plasma profiling via heat-induced epitope retrieval and array-based assays.,"Schwenk JM, Igel U, Neiman M, Langen H, Becker C, Bjartell A, Ponten F, Wiklund F, Grönberg H, Nilsson P, Uhlen M",Mol. Cell Proteomics,2010,2010-11-00,2010-08-05,9,11,2497-2507,10.1074/mcp.M110.001560,20682762,Plasma Profiling,Technology development,9972459d788b4187a2c11c60c744ce88,https://publications.scilifelab.se/publication/9972459d788b4187a2c11c60c744ce88,https://doi.org/10.1074/mcp.M110.001560,https://www.ncbi.nlm.nih.gov/pubmed/20682762
Common variants in the ATP2B1 gene are associated with susceptibility to hypertension: the Japanese Millennium Genome Project.,"Tabara Y, Kohara K, Kita Y, Hirawa N, Katsuya T, Ohkubo T, Hiura Y, Tajima A, Morisaki T, Miyata T, Nakayama T, Takashima N, Nakura J, Kawamoto R, Takahashi N, Hata A, Soma M, Imai Y, Kokubo Y, Okamura T, Tomoike H, Iwai N, Ogihara T, Inoue I, Tokunaga K, Johnson T, Caulfield M, Munroe P, Global Blood Pressure Genetics Consortium , Umemura S, Ueshima H, Miki T",Hypertension,2010,2010-11-00,2010-10-06,56,5,973-980,10.1161/HYPERTENSIONAHA.110.153429,20921432,NGI Uppsala (SNP&SEQ Technology Platform),,c8638d1f82e04f4882ccfde795629a50,https://publications.scilifelab.se/publication/c8638d1f82e04f4882ccfde795629a50,https://doi.org/10.1161/HYPERTENSIONAHA.110.153429,https://www.ncbi.nlm.nih.gov/pubmed/20921432
"Four novel Loci (19q13, 6q24, 12q24, and 5q14) influence the microcirculation in vivo.","Ikram MK, Sim X, Xueling S, Jensen RA, Cotch MF, Hewitt AW, Ikram MA, Wang JJ, Klein R, Klein BE, Breteler MM, Cheung N, Liew G, Mitchell P, Uitterlinden AG, Rivadeneira F, Hofman A, de Jong PT, van Duijn CM, Kao L, Cheng CY, Smith AV, Glazer NL, Lumley T, McKnight B, Psaty BM, Jonasson F, Eiriksdottir G, Aspelund T, Global BPgen Consortium , Harris TB, Launer LJ, Taylor KD, Li X, Iyengar SK, Xi Q, Sivakumaran TA, Mackey DA, Macgregor S, Martin NG, Young TL, Bis JC, Wiggins KL, Heckbert SR, Hammond CJ, Andrew T, Fahy S, Attia J, Holliday EG, Scott RJ, Islam FM, Rotter JI, McAuley AK, Boerwinkle E, Tai ES, Gudnason V, Siscovick DS, Vingerling JR, Wong TY",PLoS Genet.,2010,2010-10-28,2010-10-28,6,10,e1001184,10.1371/journal.pgen.1001184,21060863,NGI Uppsala (SNP&SEQ Technology Platform),,d4773352acbe426596ee187edad66e52,https://publications.scilifelab.se/publication/d4773352acbe426596ee187edad66e52,https://doi.org/10.1371/journal.pgen.1001184,https://www.ncbi.nlm.nih.gov/pubmed/21060863
Association analysis of PALB2 and BRCA2 in bipolar disorder and schizophrenia in a scandinavian case-control sample.,"Tesli M, Athanasiu L, Mattingsdal M, Kähler AK, Gustafsson O, Andreassen BK, Werge T, Hansen T, Mors O, Mellerup E, Koefoed P, Jönsson EG, Agartz I, Melle I, Morken G, Djurovic S, Andreassen OA",Am. J. Med. Genet. B Neuropsychiatr. Genet.,2010,2010-10-05,2010-09-28,153B,7,1276-1282,10.1002/ajmg.b.31098,20872766,NGI Uppsala (SNP&SEQ Technology Platform),,0c492751e0eb47a2b3ff1ae2cdda416d,https://publications.scilifelab.se/publication/0c492751e0eb47a2b3ff1ae2cdda416d,https://doi.org/10.1002/ajmg.b.31098,https://www.ncbi.nlm.nih.gov/pubmed/20872766
Sensitive detection of Aβ protofibrils by proximity ligation--relevance for Alzheimer's disease.,"Kamali-Moghaddam M, Pettersson FE, Wu D, Englund H, Darmanis S, Lord A, Tavoosidana G, Sehlin D, Gustafsdottir S, Nilsson LN, Lannfelt L, Landegren U",BMC Neurosci,2010,2010-10-05,2010-10-05,11,,124,10.1186/1471-2202-11-124,20923550,PLA Proteomics,,5edf0feb4623412fa93023e2c4e35990,https://publications.scilifelab.se/publication/5edf0feb4623412fa93023e2c4e35990,https://doi.org/10.1186/1471-2202-11-124,https://www.ncbi.nlm.nih.gov/pubmed/20923550
An exploratory model for G x E interaction on hippocampal volume in schizophrenia; obstetric complications and hypoxia-related genes.,"Haukvik UK, Saetre P, McNeil T, Bjerkan PS, Andreassen OA, Werge T, Jönsson EG, Agartz I",Prog. Neuropsychopharmacol. Biol. Psychiatry,2010,2010-10-01,2010-07-20,34,7,1259-1265,10.1016/j.pnpbp.2010.07.001,20638435,NGI Uppsala (SNP&SEQ Technology Platform),,bd499c90dfdc4a7aafef90aece3db764,https://publications.scilifelab.se/publication/bd499c90dfdc4a7aafef90aece3db764,https://doi.org/10.1016/j.pnpbp.2010.07.001,https://www.ncbi.nlm.nih.gov/pubmed/20638435
Brain gene expression in relation to fearfulness in female red junglefowl (Gallus gallus).,"Jöngren M, Westander J, Nätt D, Jensen P",Genes Brain Behav.,2010,2010-10-00,2010-07-06,9,7,751-758,10.1111/j.1601-183X.2010.00612.x,20597989,NGI Uppsala (Uppsala Genome Center),,5a675f987fd0410ea0e9f5cec5be6c1b,https://publications.scilifelab.se/publication/5a675f987fd0410ea0e9f5cec5be6c1b,https://doi.org/10.1111/j.1601-183X.2010.00612.x,https://www.ncbi.nlm.nih.gov/pubmed/20597989
Somatic mosaicism for chromosome X and Y aneuploidies in monozygotic twins heterozygous for sickle cell disease mutation.,"Razzaghian HR, Shahi MH, Forsberg LA, de Ståhl TD, Absher D, Dahl N, Westerman MP, Dumanski JP",Am. J. Med. Genet. A,2010,2010-10-00,2010-08-25,152A,10,2595-2598,10.1002/ajmg.a.33604,20734341,NGI Uppsala (SNP&SEQ Technology Platform),,6c43855fe1b34aa19a4270c80ba62ebc,https://publications.scilifelab.se/publication/6c43855fe1b34aa19a4270c80ba62ebc,https://doi.org/10.1002/ajmg.a.33604,https://www.ncbi.nlm.nih.gov/pubmed/20734341
Lycosid spiders and alternative food: Feeding behavior and implications for biological control,"Kuusk AK, Ekbom B",Biological Control,2010,2010-10-00,2010-10-00,55,1,20-26,10.1016/j.biocontrol.2010.06.009,,NGI Uppsala (Uppsala Genome Center),,7c03d2f20d3a4ee4ae7fdc85329037ed,https://publications.scilifelab.se/publication/7c03d2f20d3a4ee4ae7fdc85329037ed,https://doi.org/10.1016/j.biocontrol.2010.06.009,
Linkage to 20p13 including the ANGPT4 gene in families with mixed Alzheimer's disease and vascular dementia.,"Sillén A, Brohede J, Lilius L, Forsell C, Andrade J, Odeberg J, Ebise H, Winblad B, Graff C",J. Hum. Genet.,2010,2010-10-00,2010-07-03,55,10,649-655,10.1038/jhg.2010.79,20596041,Mutation Analysis Facility (MAF),,7c48ea382df744929db00a07b357b296,https://publications.scilifelab.se/publication/7c48ea382df744929db00a07b357b296,https://doi.org/10.1038/jhg.2010.79,https://www.ncbi.nlm.nih.gov/pubmed/20596041
A chromatin-remodeling protein is a component of fission yeast mediator.,"Khorosjutina O, Wanrooij PH, Walfridsson J, Szilagyi Z, Zhu X, Baraznenok V, Ekwall K, Gustafsson CM",J. Biol. Chem.,2010,2010-09-24,2010-07-14,285,39,29729-29737,10.1074/jbc.M110.153858,20622008,Bioinformatics and Expression Analysis (BEA),,2053235d85a7403f82a48f1034ca4dac,https://publications.scilifelab.se/publication/2053235d85a7403f82a48f1034ca4dac,https://doi.org/10.1074/jbc.M110.153858,https://www.ncbi.nlm.nih.gov/pubmed/20622008
A trans-acting locus regulates an anti-viral expression network and type 1 diabetes risk.,"Heinig M, Petretto E, Wallace C, Bottolo L, Rotival M, Lu H, Li Y, Sarwar R, Langley SR, Bauerfeind A, Hummel O, Lee YA, Paskas S, Rintisch C, Saar K, Cooper J, Buchan R, Gray EE, Cyster JG, Cardiogenics Consortium , Erdmann J, Hengstenberg C, Maouche S, Ouwehand WH, Rice CM, Samani NJ, Schunkert H, Goodall AH, Schulz H, Roider HG, Vingron M, Blankenberg S, Münzel T, Zeller T, Szymczak S, Ziegler A, Tiret L, Smyth DJ, Pravenec M, Aitman TJ, Cambien F, Clayton D, Todd JA, Hubner N, Cook SA",Nature,2010,2010-09-23,2010-09-10,467,7314,460-464,10.1038/nature09386,20827270,NGI Uppsala (SNP&SEQ Technology Platform),,6482892af4c9466ba4c123bb6376350b,https://publications.scilifelab.se/publication/6482892af4c9466ba4c123bb6376350b,https://doi.org/10.1038/nature09386,https://www.ncbi.nlm.nih.gov/pubmed/20827270
"Pleiotropy in the presence of allelic heterogeneity: alternative genetic models for the influence of APOE on serum LDL, CSF amyloid-β42, and dementia.","Bennet AM, Reynolds CA, Gatz M, Blennow K, Pedersen NL, Prince JA",J. Alzheimers Dis.,2010,2010-09-18,2010-09-18,22,1,129-134,10.3233/JAD-2010-100864,20847432,NGI Uppsala (SNP&SEQ Technology Platform),,02a89d31328a4bc681053d56186048cc,https://publications.scilifelab.se/publication/02a89d31328a4bc681053d56186048cc,https://doi.org/10.3233/JAD-2010-100864,https://www.ncbi.nlm.nih.gov/pubmed/20847432
Trisomy and triploidy are sources of embryo mortality in the zebra finch.,"Forstmeier W, Ellegren H",Proc. Biol. Sci.,2010,2010-09-07,2010-05-07,277,1694,2655-2660,10.1098/rspb.2010.0394,20444723,NGI Uppsala (SNP&SEQ Technology Platform),,779f19440cf34645bca610a012f6bacc,https://publications.scilifelab.se/publication/779f19440cf34645bca610a012f6bacc,https://doi.org/10.1098/rspb.2010.0394,https://www.ncbi.nlm.nih.gov/pubmed/20444723
Association of IFIH1 and other autoimmunity risk alleles with selective IgA deficiency.,"Ferreira RC, Pan-Hammarström Q, Graham RR, Gateva V, Fontán G, Lee AT, Ortmann W, Urcelay E, Fernández-Arquero M, Núñez C, Jorgensen G, Ludviksson BR, Koskinen S, Haimila K, Clark HF, Klareskog L, Gregersen PK, Behrens TW, Hammarström L",Nat. Genet.,2010,2010-09-00,2010-08-10,42,9,777-780,10.1038/ng.644,20694011,Mutation Analysis Facility (MAF),,5b63dc3ea73541608890047d4c582417,https://publications.scilifelab.se/publication/5b63dc3ea73541608890047d4c582417,https://doi.org/10.1038/ng.644,https://www.ncbi.nlm.nih.gov/pubmed/20694011
Profiling protein expression and interactions: proximity ligation as a tool for personalized medicine.,"Blokzijl A, Friedman M, Pontén F, Landegren U",J. Intern. Med.,2010,2010-09-00,2010-08-11,268,3,232-245,10.1111/j.1365-2796.2010.02256.x,20695973,PLA Proteomics,,8b975fdad1da4f849d445f32fd8883c8,https://publications.scilifelab.se/publication/8b975fdad1da4f849d445f32fd8883c8,https://doi.org/10.1111/j.1365-2796.2010.02256.x,https://www.ncbi.nlm.nih.gov/pubmed/20695973
Small-molecule screening using a whole-cell viral replication reporter gene assay identifies 2-{[2-(benzoylamino)benzoyl]amino}-benzoic acid as a novel antiadenoviral compound.,"Andersson EK, Strand M, Edlund K, Lindman K, Enquist P, Spjut S, Allard A, Elofsson M, Mei Y, Wadell G",Antimicrob. Agents Chemother.,2010,2010-09-00,2010-06-30,54,9,3871-3877,10.1128/AAC.00203-10,20585112,Chemical Biology Consortium Sweden (CBCS),Collaborative,8ee4600e144f43e38d5812d0b02725f0,https://publications.scilifelab.se/publication/8ee4600e144f43e38d5812d0b02725f0,https://doi.org/10.1128/AAC.00203-10,https://www.ncbi.nlm.nih.gov/pubmed/20585112
High-density screening reveals a different spectrum of genomic aberrations in chronic lymphocytic leukemia patients with 'stereotyped' IGHV3-21 and IGHV4-34 B-cell receptors.,"Marincevic M, Cahill N, Gunnarsson R, Isaksson A, Mansouri M, Göransson H, Rasmussen M, Jansson M, Ryan F, Karlsson K, Adami HO, Davi F, Jurlander J, Juliusson G, Stamatopoulos K, Rosenquist R",Haematologica,2010,2010-09-00,2010-04-28,95,9,1519-1525,10.3324/haematol.2009.021014,20421269,Array and Analysis Facility,,a343b5d7ca1f49f7a9dad4764c15835f,https://publications.scilifelab.se/publication/a343b5d7ca1f49f7a9dad4764c15835f,https://doi.org/10.3324/haematol.2009.021014,https://www.ncbi.nlm.nih.gov/pubmed/20421269
Production of ectomycorrhizal mycelium peaks during canopy closure in Norway spruce forests.,"Wallander H, Johansson U, Sterkenburg E, Brandström Durling M, Lindahl BD",New Phytol.,2010,2010-09-00,2010-06-22,187,4,1124-1134,10.1111/j.1469-8137.2010.03324.x,20561206,"NGI Stockholm (Genomics Applications), NGI Stockholm (Genomics Production)",,dbdc49d5da184ad19afdce0efd321237,https://publications.scilifelab.se/publication/dbdc49d5da184ad19afdce0efd321237,https://doi.org/10.1111/j.1469-8137.2010.03324.x,https://www.ncbi.nlm.nih.gov/pubmed/20561206
Expression of the RNA-binding protein RBM3 is associated with a favourable prognosis and cisplatin sensitivity in epithelial ovarian cancer.,"Ehlén A, Brennan DJ, Nodin B, O'Connor DP, Eberhard J, Alvarado-Kristensson M, Jeffrey IB, Manjer J, Brändstedt J, Uhlén M, Pontén F, Jirström K",J Transl Med,2010,2010-08-20,2010-08-20,8,,78,10.1186/1479-5876-8-78,20727170,Tissue Profiling,,48f20361419045e3bacde5fd8576433b,https://publications.scilifelab.se/publication/48f20361419045e3bacde5fd8576433b,https://doi.org/10.1186/1479-5876-8-78,https://www.ncbi.nlm.nih.gov/pubmed/20727170
Familial cutaneous melanoma.,Hansson J,Adv. Exp. Med. Biol.,2010,2010-08-07,2010-08-07,685,,134-145,10.1007/978-1-4419-6448-9_13,20687502,"NGI Stockholm (Genomics Applications), NGI Stockholm (Genomics Production)",,6e72f003dd044238899adec74a9c8680,https://publications.scilifelab.se/publication/6e72f003dd044238899adec74a9c8680,https://doi.org/10.1007/978-1-4419-6448-9_13,https://www.ncbi.nlm.nih.gov/pubmed/20687502
"Biological, clinical and population relevance of 95 loci for blood lipids.","Teslovich TM, Musunuru K, Smith AV, Edmondson AC, Stylianou IM, Koseki M, Pirruccello JP, Ripatti S, Chasman DI, Willer CJ, Johansen CT, Fouchier SW, Isaacs A, Peloso GM, Barbalic M, Ricketts SL, Bis JC, Aulchenko YS, Thorleifsson G, Feitosa MF, Chambers J, Orho-Melander M, Melander O, Johnson T, Li X, Guo X, Li M, Shin Cho Y, Jin Go M, Jin Kim Y, Lee JY, Park T, Kim K, Sim X, Twee-Hee Ong R, Croteau-Chonka DC, Lange LA, Smith JD, Song K, Hua Zhao J, Yuan X, Luan J, Lamina C, Ziegler A, Zhang W, Zee RY, Wright AF, Witteman JC, Wilson JF, Willemsen G, Wichmann HE, Whitfield JB, Waterworth DM, Wareham NJ, Waeber G, Vollenweider P, Voight BF, Vitart V, Uitterlinden AG, Uda M, Tuomilehto J, Thompson JR, Tanaka T, Surakka I, Stringham HM, Spector TD, Soranzo N, Smit JH, Sinisalo J, Silander K, Sijbrands EJ, Scuteri A, Scott J, Schlessinger D, Sanna S, Salomaa V, Saharinen J, Sabatti C, Ruokonen A, Rudan I, Rose LM, Roberts R, Rieder M, Psaty BM, Pramstaller PP, Pichler I, Perola M, Penninx BW, Pedersen NL, Pattaro C, Parker AN, Pare G, Oostra BA, O'Donnell CJ, Nieminen MS, Nickerson DA, Montgomery GW, Meitinger T, McPherson R, McCarthy MI, McArdle W, Masson D, Martin NG, Marroni F, Mangino M, Magnusson PK, Lucas G, Luben R, Loos RJ, Lokki ML, Lettre G, Langenberg C, Launer LJ, Lakatta EG, Laaksonen R, Kyvik KO, Kronenberg F, König IR, Khaw KT, Kaprio J, Kaplan LM, Johansson A, Jarvelin MR, Janssens AC, Ingelsson E, Igl W, Kees Hovingh G, Hottenga JJ, Hofman A, Hicks AA, Hengstenberg C, Heid IM, Hayward C, Havulinna AS, Hastie ND, Harris TB, Haritunians T, Hall AS, Gyllensten U, Guiducci C, Groop LC, Gonzalez E, Gieger C, Freimer NB, Ferrucci L, Erdmann J, Elliott P, Ejebe KG, Döring A, Dominiczak AF, Demissie S, Deloukas P, de Geus EJ, de Faire U, Crawford G, Collins FS, Chen YD, Caulfield MJ, Campbell H, Burtt NP, Bonnycastle LL, Boomsma DI, Boekholdt SM, Bergman RN, Barroso I, Bandinelli S, Ballantyne CM, Assimes TL, Quertermous T, Altshuler D, Seielstad M, Wong TY, Tai ES, Feranil AB, Kuzawa CW, Adair LS, Taylor HA, Borecki IB, Gabriel SB, Wilson JG, Holm H, Thorsteinsdottir U, Gudnason V, Krauss RM, Mohlke KL, Ordovas JM, Munroe PB, Kooner JS, Tall AR, Hegele RA, Kastelein JJ, Schadt EE, Rotter JI, Boerwinkle E, Strachan DP, Mooser V, Stefansson K, Reilly MP, Samani NJ, Schunkert H, Cupples LA, Sandhu MS, Ridker PM, Rader DJ, van Duijn CM, Peltonen L, Abecasis GR, Boehnke M, Kathiresan S",Nature,2010,2010-08-05,2010-08-06,466,7307,707-713,10.1038/nature09270,20686565,NGI Uppsala (SNP&SEQ Technology Platform),Service,a10e1b676335416d8f4800f5965390c5,https://publications.scilifelab.se/publication/a10e1b676335416d8f4800f5965390c5,https://doi.org/10.1038/nature09270,https://www.ncbi.nlm.nih.gov/pubmed/20686565
Niemann-Pick C1 modulates hepatic triglyceride metabolism and its genetic variation contributes to serum triglyceride levels.,"Uronen RL, Lundmark P, Orho-Melander M, Jauhiainen M, Larsson K, Siegbahn A, Wallentin L, Zethelius B, Melander O, Syvänen AC, Ikonen E",Arterioscler. Thromb. Vasc. Biol.,2010,2010-08-00,2010-05-22,30,8,1614-1620,10.1161/ATVBAHA.110.207191,20489167,NGI Uppsala (SNP&SEQ Technology Platform),,0e378ea6650a4cc8aa89d142162dc16b,https://publications.scilifelab.se/publication/0e378ea6650a4cc8aa89d142162dc16b,https://doi.org/10.1161/ATVBAHA.110.207191,https://www.ncbi.nlm.nih.gov/pubmed/20489167
Topoisomerase I amplification in melanoma is associated with more advanced tumours and poor prognosis.,"Ryan D, Rafferty M, Hegarty S, O'Leary P, Faller W, Gremel G, Bergqvist M, Agnarsdottir M, Strömberg S, Kampf C, Pontén F, Millikan RC, Dervan PA, Gallagher WM",Pigment Cell Melanoma Res,2010,2010-08-00,2010-05-15,23,4,542-553,10.1111/j.1755-148X.2010.00720.x,20465595,Tissue Profiling,,6c9b8f509dd04fe083834cb341627815,https://publications.scilifelab.se/publication/6c9b8f509dd04fe083834cb341627815,https://doi.org/10.1111/j.1755-148X.2010.00720.x,https://www.ncbi.nlm.nih.gov/pubmed/20465595
Sex-linked barring in chickens is controlled by the CDKN2A /B tumour suppressor locus.,"Hellström AR, Sundström E, Gunnarsson U, Bed'Hom B, Tixier-Boichard M, Honaker CF, Sahlqvist AS, Jensen P, Kämpe O, Siegel PB, Kerje S, Andersson L",Pigment Cell Melanoma Res,2010,2010-08-00,2010-04-09,23,4,521-530,10.1111/j.1755-148X.2010.00700.x,20374521,NGI Uppsala (SNP&SEQ Technology Platform),,6f401df4058b43149303983209d73283,https://publications.scilifelab.se/publication/6f401df4058b43149303983209d73283,https://doi.org/10.1111/j.1755-148X.2010.00700.x,https://www.ncbi.nlm.nih.gov/pubmed/20374521
No evidence for Z-chromosome rearrangements between the pied flycatcher and the collared flycatcher as judged by gene-based comparative genetic maps.,"Backström N, Palkopoulou E, Qvarnström A, Ellegren H",Mol. Ecol.,2010,2010-08-00,2010-07-31,19,16,3394-3405,10.1111/j.1365-294X.2010.04742.x,20670368,NGI Uppsala (SNP&SEQ Technology Platform),,80415f482e8b4fcda52fb72fcc9d2211,https://publications.scilifelab.se/publication/80415f482e8b4fcda52fb72fcc9d2211,https://doi.org/10.1111/j.1365-294X.2010.04742.x,https://www.ncbi.nlm.nih.gov/pubmed/20670368
The role of IL-1beta in reduced IL-7 production by stromal and epithelial cells: a model for impaired T-cell numbers in the gut during HIV-1 infection.,"Thang PH, Ruffin N, Brodin D, Rethi B, Cam PD, Hien NT, Lopalco L, Vivar N, Chiodi F",J. Intern. Med.,2010,2010-08-00,2010-05-26,268,2,181-193,10.1111/j.1365-2796.2010.02241.x,20497296,Bioinformatics and Expression Analysis (BEA),,8a99d4f575d94e718e977888097b9404,https://publications.scilifelab.se/publication/8a99d4f575d94e718e977888097b9404,https://doi.org/10.1111/j.1365-2796.2010.02241.x,https://www.ncbi.nlm.nih.gov/pubmed/20497296
Genome-wide association study identifies a sequence variant within the DAB2IP gene conferring susceptibility to abdominal aortic aneurysm.,"Gretarsdottir S, Baas AF, Thorleifsson G, Holm H, den Heijer M, de Vries JP, Kranendonk SE, Zeebregts CJ, van Sterkenburg SM, Geelkerken RH, van Rij AM, Williams MJ, Boll AP, Kostic JP, Jonasdottir A, Jonasdottir A, Walters GB, Masson G, Sulem P, Saemundsdottir J, Mouy M, Magnusson KP, Tromp G, Elmore JR, Sakalihasan N, Limet R, Defraigne JO, Ferrell RE, Ronkainen A, Ruigrok YM, Wijmenga C, Grobbee DE, Shah SH, Granger CB, Quyyumi AA, Vaccarino V, Patel RS, Zafari AM, Levey AI, Austin H, Girelli D, Pignatti PF, Olivieri O, Martinelli N, Malerba G, Trabetti E, Becker LC, Becker DM, Reilly MP, Rader DJ, Mueller T, Dieplinger B, Haltmayer M, Urbonavicius S, Lindblad B, Gottsäter A, Gaetani E, Pola R, Wells P, Rodger M, Forgie M, Langlois N, Corral J, Vicente V, Fontcuberta J, España F, Grarup N, Jørgensen T, Witte DR, Hansen T, Pedersen O, Aben KK, de Graaf J, Holewijn S, Folkersen L, Franco-Cereceda A, Eriksson P, Collier DA, Stefansson H, Steinthorsdottir V, Rafnar T, Valdimarsson EM, Magnadottir HB, Sveinbjornsdottir S, Olafsson I, Magnusson MK, Palmason R, Haraldsdottir V, Andersen K, Onundarson PT, Thorgeirsson G, Kiemeney LA, Powell JT, Carey DJ, Kuivaniemi H, Lindholt JS, Jones GT, Kong A, Blankensteijn JD, Matthiasson SE, Thorsteinsdottir U, Stefansson K",Nat. Genet.,2010,2010-08-00,2010-07-14,42,8,692-697,10.1038/ng.622,20622881,NGI Uppsala (SNP&SEQ Technology Platform),,916e676485894409881279c4bf3e6348,https://publications.scilifelab.se/publication/916e676485894409881279c4bf3e6348,https://doi.org/10.1038/ng.622,https://www.ncbi.nlm.nih.gov/pubmed/20622881
Association of genetic risk variants with expression of proximal genes identifies novel susceptibility genes for cardiovascular disease.,"Folkersen L, van't Hooft F, Chernogubova E, Agardh HE, Hansson GK, Hedin U, Liska J, Syvänen AC, Paulsson-Berne G, Paulssson-Berne G, Franco-Cereceda A, Hamsten A, Gabrielsen A, Eriksson P, BiKE and ASAP study groups ",Circ Cardiovasc Genet,2010,2010-08-00,2010-06-22,3,4,365-373,10.1161/CIRCGENETICS.110.948935,20562444,NGI Uppsala (SNP&SEQ Technology Platform),,b1721a830a36455094a71044b6ccc2be,https://publications.scilifelab.se/publication/b1721a830a36455094a71044b6ccc2be,https://doi.org/10.1161/CIRCGENETICS.110.948935,https://www.ncbi.nlm.nih.gov/pubmed/20562444
Identification of novel exons and transcribed regions by chimpanzee transcriptome sequencing.,"Wetterbom A, Ameur A, Feuk L, Gyllensten U, Cavelier L",Genome Biol.,2010,2010-07-23,2010-07-23,11,7,R78,10.1186/gb-2010-11-7-r78,20653958,"NGI Stockholm (Genomics Applications), NGI Stockholm (Genomics Production), NGI Uppsala (Uppsala Genome Center)",,c3cf03b072144a19b7eca8c6cb472c37,https://publications.scilifelab.se/publication/c3cf03b072144a19b7eca8c6cb472c37,https://doi.org/10.1186/gb-2010-11-7-r78,https://www.ncbi.nlm.nih.gov/pubmed/20653958
A functional polymorphism in the HMGCR promoter affects transcriptional activity but not the risk for Alzheimer disease in Swedish populations.,"Keller L, Murphy C, Wang HX, Fratiglioni L, Olin M, Gafvels M, Björkhem I, Graff C, Meaney S",Brain Res.,2010,2010-07-16,2010-05-11,1344,,185-191,10.1016/j.brainres.2010.04.073,20450896,Mutation Analysis Facility (MAF),,183bf4607cd04640be865b214b2b8b98,https://publications.scilifelab.se/publication/183bf4607cd04640be865b214b2b8b98,https://doi.org/10.1016/j.brainres.2010.04.073,https://www.ncbi.nlm.nih.gov/pubmed/20450896
Induction patterns of new CYP1 genes in environmentally exposed rainbow trout.,"Jönsson ME, Gao K, Olsson JA, Goldstone JV, Brandt I",Aquat. Toxicol.,2010,2010-07-15,2010-04-08,98,4,311-321,10.1016/j.aquatox.2010.03.003,20371123,NGI Uppsala (Uppsala Genome Center),,542df632abda49249bbf5f14dc948721,https://publications.scilifelab.se/publication/542df632abda49249bbf5f14dc948721,https://doi.org/10.1016/j.aquatox.2010.03.003,https://www.ncbi.nlm.nih.gov/pubmed/20371123
Different SNP combinations in the GCH1 gene and use of labor analgesia.,"Dabo F, Grönbladh A, Nyberg F, Sundström-Poromaa I, Akerud H",Mol Pain,2010,2010-07-15,2010-07-15,6,,41,10.1186/1744-8069-6-41,20633294,NGI Uppsala (Uppsala Genome Center),,f12704da529244efaface4deeba2615e,https://publications.scilifelab.se/publication/f12704da529244efaface4deeba2615e,https://doi.org/10.1186/1744-8069-6-41,https://www.ncbi.nlm.nih.gov/pubmed/20633294
Genome-wide analysis of ETS-family DNA-binding in vitro and in vivo.,"Wei GH, Badis G, Berger MF, Kivioja T, Palin K, Enge M, Bonke M, Jolma A, Varjosalo M, Gehrke AR, Yan J, Talukder S, Turunen M, Taipale M, Stunnenberg HG, Ukkonen E, Hughes TR, Bulyk ML, Taipale J",EMBO J.,2010,2010-07-07,2010-06-03,29,13,2147-2160,10.1038/emboj.2010.106,20517297,Karolinska High Throughput Center (KHTC),,24677996eddc4304aa29e96d2a9e9948,https://publications.scilifelab.se/publication/24677996eddc4304aa29e96d2a9e9948,https://doi.org/10.1038/emboj.2010.106,https://www.ncbi.nlm.nih.gov/pubmed/20517297
Topoisomerase I regulates open chromatin and controls gene expression in vivo.,"Durand-Dubief M, Persson J, Norman U, Hartsuiker E, Ekwall K",EMBO J.,2010,2010-07-07,2010-06-08,29,13,2126-2134,10.1038/emboj.2010.109,20526281,Bioinformatics and Expression Analysis (BEA),,3d5723b1ed7640219afa746149cf203a,https://publications.scilifelab.se/publication/3d5723b1ed7640219afa746149cf203a,https://doi.org/10.1038/emboj.2010.109,https://www.ncbi.nlm.nih.gov/pubmed/20526281
Dynamics of HIV-1 quasispecies during antiviral treatment dissected using ultra-deep pyrosequencing.,"Hedskog C, Mild M, Jernberg J, Sherwood E, Bratt G, Leitner T, Lundeberg J, Andersson B, Albert J",PLoS ONE,2010,2010-07-07,2010-07-07,5,7,e11345,10.1371/journal.pone.0011345,20628644,"NGI Stockholm (Genomics Applications), NGI Stockholm (Genomics Production)",,e40c4e4e3c504fe7987d32aa7e46b036,https://publications.scilifelab.se/publication/e40c4e4e3c504fe7987d32aa7e46b036,https://doi.org/10.1371/journal.pone.0011345,https://www.ncbi.nlm.nih.gov/pubmed/20628644
Classification of DNA sequences using Bloom filters.,"Stranneheim H, Käller M, Allander T, Andersson B, Arvestad L, Lundeberg J",Bioinformatics,2010,2010-07-01,2010-05-18,26,13,1595-1600,10.1093/bioinformatics/btq230,20472541,"NGI Stockholm (Genomics Applications), NGI Stockholm (Genomics Production)",,08724dafbd20444493259361ecf49fb8,https://publications.scilifelab.se/publication/08724dafbd20444493259361ecf49fb8,https://doi.org/10.1093/bioinformatics/btq230,https://www.ncbi.nlm.nih.gov/pubmed/20472541
"Subcellular distribution and expression of prenylated Rab acceptor 1 domain family, member 2 (PRAF2) in malignant glioma: Influence on cell survival and migration.","Borsics T, Lundberg E, Geerts D, Koomoa DL, Koster J, Wester K, Bachmann AS",Cancer Sci.,2010,2010-07-00,2010-04-24,101,7,1624-1631,10.1111/j.1349-7006.2010.01570.x,20412121,Cell Profiling,,23cecd9baed1410ea8fdb04121443a6b,https://publications.scilifelab.se/publication/23cecd9baed1410ea8fdb04121443a6b,https://doi.org/10.1111/j.1349-7006.2010.01570.x,https://www.ncbi.nlm.nih.gov/pubmed/20412121
Tissue factor pathway inhibitor-2 is induced by fluid shear stress in vascular smooth muscle cells and affects cell proliferation and survival.,"Ekstrand J, Razuvaev A, Folkersen L, Roy J, Hedin U",J. Vasc. Surg.,2010,2010-07-00,2010-06-12,52,1,167-175,10.1016/j.jvs.2010.02.282,20537494,Bioinformatics and Expression Analysis (BEA),,2b2f3a9dacdc41e9a187ace738d7a3fd,https://publications.scilifelab.se/publication/2b2f3a9dacdc41e9a187ace738d7a3fd,https://doi.org/10.1016/j.jvs.2010.02.282,https://www.ncbi.nlm.nih.gov/pubmed/20537494
Gene expression analysis in hypoplastic lungs in the nitrofen model of congenital diaphragmatic hernia.,"Burgos CM, Uggla AR, Fagerström-Billai F, Eklöf AC, Frenckner B, Nord M",J. Pediatr. Surg.,2010,2010-07-00,2010-07-20,45,7,1445-1454,10.1016/j.jpedsurg.2009.09.023,20638522,Bioinformatics and Expression Analysis (BEA),,77c0eaca5ad64428b33de4452864e526,https://publications.scilifelab.se/publication/77c0eaca5ad64428b33de4452864e526,https://doi.org/10.1016/j.jpedsurg.2009.09.023,https://www.ncbi.nlm.nih.gov/pubmed/20638522
Revolutionizing membrane protein overexpression in bacteria.,"Schlegel S, Klepsch M, Gialama D, Wickström D, Slotboom DJ, de Gier JW",Microb Biotechnol,2010,2010-07-00,2009-09-04,3,4,403-411,10.1111/j.1751-7915.2009.00148.x,21255339,"NGI Stockholm (Genomics Applications), NGI Stockholm (Genomics Production)",,97352b4103e94523b7562e842be4a358,https://publications.scilifelab.se/publication/97352b4103e94523b7562e842be4a358,https://doi.org/10.1111/j.1751-7915.2009.00148.x,https://www.ncbi.nlm.nih.gov/pubmed/21255339
Characterization of the RNA content of chromatin.,"Mondal T, Rasmussen M, Pandey GK, Isaksson A, Kanduri C",Genome Res.,2010,2010-07-00,2010-04-21,20,7,899-907,10.1101/gr.103473.109,20404130,"Array and Analysis Facility, NGI Uppsala (SNP&SEQ Technology Platform)",,ba656281ab624babbca5bfd810453f8a,https://publications.scilifelab.se/publication/ba656281ab624babbca5bfd810453f8a,https://doi.org/10.1101/gr.103473.109,https://www.ncbi.nlm.nih.gov/pubmed/20404130
Ontogenetic complexity of sexual dimorphism and sex-specific selection.,"Mank JE, Nam K, Brunström B, Ellegren H",Mol. Biol. Evol.,2010,2010-07-00,2010-02-10,27,7,1570-1578,10.1093/molbev/msq042,20142440,Array and Analysis Facility,,c6a2bbd1be584e2fb21c88a01174d803,https://publications.scilifelab.se/publication/c6a2bbd1be584e2fb21c88a01174d803,https://doi.org/10.1093/molbev/msq042,https://www.ncbi.nlm.nih.gov/pubmed/20142440
Genetic evidence of multiple loci in dystocia--difficult labour.,"Algovik M, Kivinen K, Peterson H, Westgren M, Kere J",BMC Med. Genet.,2010,2010-06-30,2010-06-30,11,,105,10.1186/1471-2350-11-105,20587075,Bioinformatics and Expression Analysis (BEA),,5933b98ac67849ad9dd5aa7f9685761e,https://publications.scilifelab.se/publication/5933b98ac67849ad9dd5aa7f9685761e,https://doi.org/10.1186/1471-2350-11-105,https://www.ncbi.nlm.nih.gov/pubmed/20587075
HIV-1 exposed uninfected men who have sex with men have increased levels of salivary CC-chemokines associated with sexual behavior.,"Hasselrot K, Bratt G, Duvefelt K, Hirbod T, Sandström E, Broliden K",AIDS,2010,2010-06-19,2010-06-16,24,10,1569-1575,,20549845,Mutation Analysis Facility (MAF),,dfd75a0f2f2041709f0800240240a411,https://publications.scilifelab.se/publication/dfd75a0f2f2041709f0800240240a411,,https://www.ncbi.nlm.nih.gov/pubmed/20549845
Genome-wide mapping of estrogen receptor-beta-binding regions reveals extensive cross-talk with transcription factor activator protein-1.,"Zhao C, Gao H, Liu Y, Papoutsi Z, Jaffrey S, Gustafsson JA, Dahlman-Wright K",Cancer Res.,2010,2010-06-15,2010-05-27,70,12,5174-5183,10.1158/0008-5472.CAN-09-4407,20501845,Bioinformatics and Expression Analysis (BEA),,a06837e4b02a4214a16a4251b1951a98,https://publications.scilifelab.se/publication/a06837e4b02a4214a16a4251b1951a98,https://doi.org/10.1158/0008-5472.CAN-09-4407,https://www.ncbi.nlm.nih.gov/pubmed/20501845
"Interstitial Deletions at 6q14.1-q15 Associated with Obesity, Developmental Delay and a Distinct Clinical Phenotype.","Wentzel C, Lynch SA, Stattin EL, Sharkey FH, Annerén G, Thuresson AC",Mol Syndromol,2010,2010-06-09,2010-06-09,1,2,75-81,10.1159/000314025,21045960,"Array and Analysis Facility, NGI Uppsala (Uppsala Genome Center)",,e9e2e9d5ed3149cab65af7954a5ba54a,https://publications.scilifelab.se/publication/e9e2e9d5ed3149cab65af7954a5ba54a,https://doi.org/10.1159/000314025,https://www.ncbi.nlm.nih.gov/pubmed/21045960
"Analysis of oestrogen regulation of alpha-, beta- and gamma-secretase gene and protein expression in cultured human neuronal and glial cells.","Nord LC, Sundqvist J, Andersson E, Fried G",Neurodegener Dis,2010,2010-06-04,2010-06-04,7,6,349-364,10.1159/000282279,20523023,Bioinformatics and Expression Analysis (BEA),,338a92b4e43341e2aeeb0a1665c45e53,https://publications.scilifelab.se/publication/338a92b4e43341e2aeeb0a1665c45e53,https://doi.org/10.1159/000282279,https://www.ncbi.nlm.nih.gov/pubmed/20523023
Genetic diversity and differentiation among Lagopus lagopus populations in Scandinavia and Scotland: evolutionary significant units confirmed by SNP markers.,"Quintela M, Berlin S, Wang B, Höglund J",Mol. Ecol.,2010,2010-06-01,2010-07-20,19,12,2380-2393,10.1111/j.1365-294X.2010.04648.x,20636891,NGI Uppsala (SNP&SEQ Technology Platform),,8fe8535859a245f6bba73d277e55cc42,https://publications.scilifelab.se/publication/8fe8535859a245f6bba73d277e55cc42,https://doi.org/10.1111/j.1365-294X.2010.04648.x,https://www.ncbi.nlm.nih.gov/pubmed/20636891
"Tissue tumor marker expression in smokers, including serum cotinine concentrations, in women with cervical intraepithelial neoplasia or normal squamous cervical epithelium.","Samir R, Asplund A, Tot T, Pekar G, Hellberg D",Am. J. Obstet. Gynecol.,2010,2010-06-00,2010-01-12,202,6,579.e1-579.e7,10.1016/j.ajog.2009.11.034,20060094,Tissue Profiling,,04f142bc4c6c4a33b0eed0b82cf20fcd,https://publications.scilifelab.se/publication/04f142bc4c6c4a33b0eed0b82cf20fcd,https://doi.org/10.1016/j.ajog.2009.11.034,https://www.ncbi.nlm.nih.gov/pubmed/20060094
Multiplexed massively parallel SELEX for characterization of human transcription factor binding specificities.,"Jolma A, Kivioja T, Toivonen J, Cheng L, Wei G, Enge M, Taipale M, Vaquerizas JM, Yan J, Sillanpää MJ, Bonke M, Palin K, Talukder S, Hughes TR, Luscombe NM, Ukkonen E, Taipale J",Genome Res.,2010,2010-06-00,2010-04-10,20,6,861-873,10.1101/gr.100552.109,20378718,"Karolinska High Throughput Center (KHTC), NGI Uppsala (SNP&SEQ Technology Platform)",,19180cd5e1594314be45d213828fa5ac,https://publications.scilifelab.se/publication/19180cd5e1594314be45d213828fa5ac,https://doi.org/10.1101/gr.100552.109,https://www.ncbi.nlm.nih.gov/pubmed/20378718
Alpha terpineol: a potential anticancer agent which acts through suppressing NF-kappaB signalling.,"Hassan SB, Gali-Muhtasib H, Göransson H, Larsson R",Anticancer Res.,2010,2010-06-00,2010-07-24,30,6,1911-1919,,20651334,Array and Analysis Facility,,1b906cd95a43425dae9ba7270d1e5338,https://publications.scilifelab.se/publication/1b906cd95a43425dae9ba7270d1e5338,,https://www.ncbi.nlm.nih.gov/pubmed/20651334
Improving Bayesian credibility intervals for classifier error rates using maximum entropy empirical priors.,"Gustafsson MG, Wallman M, Wickenberg Bolin U, Göransson H, Fryknäs M, Andersson CR, Isaksson A",Artif Intell Med,2010,2010-06-00,2010-03-30,49,2,93-104,10.1016/j.artmed.2010.02.004,20347582,Array and Analysis Facility,,1b91c55735414fdc8cc0f72e9f37b548,https://publications.scilifelab.se/publication/1b91c55735414fdc8cc0f72e9f37b548,https://doi.org/10.1016/j.artmed.2010.02.004,https://www.ncbi.nlm.nih.gov/pubmed/20347582
A variant near the interleukin-6 gene is associated with fat mass in Caucasian men.,"Andersson N, Strandberg L, Nilsson S, Adamovic S, Karlsson MK, Ljunggren O, Mellström D, Lane NE, Zmuda JM, Nielsen C, Orwoll E, Lorentzon M, Ohlsson C, Jansson JO, Osteoporotic Fractures in Men MrOS Research Group ",Int J Obes (Lond),2010,2010-06-00,2010-02-17,34,6,1011-1019,10.1038/ijo.2010.27,20157327,NGI Uppsala (SNP&SEQ Technology Platform),,63cca50513ae41c2a6fa9fa0b38463f0,https://publications.scilifelab.se/publication/63cca50513ae41c2a6fa9fa0b38463f0,https://doi.org/10.1038/ijo.2010.27,https://www.ncbi.nlm.nih.gov/pubmed/20157327
Genetic analysis of metabolic traits in an intercross between body weight-selected chicken lines.,"Ek W, Strömstedt L, Wahlberg P, Siegel P, Andersson L, Carlborg O",Physiol. Genomics,2010,2010-06-00,2010-03-25,42,1,20-22,10.1152/physiolgenomics.00149.2009,20332184,NGI Uppsala (SNP&SEQ Technology Platform),,7f6a0088118c4698a5d791fd59549dcb,https://publications.scilifelab.se/publication/7f6a0088118c4698a5d791fd59549dcb,https://doi.org/10.1152/physiolgenomics.00149.2009,https://www.ncbi.nlm.nih.gov/pubmed/20332184
Antibody-based proteomics for discovery and exploration of proteins expressed in pancreatic islets.,"Lindskog C, Asplund A, Engkvist M, Uhlen M, Korsgren O, Ponten F",Discov Med,2010,2010-06-00,2010-07-01,9,49,565-578,,20587347,Tissue Profiling,,bca7359920d249f580926e20f55a251d,https://publications.scilifelab.se/publication/bca7359920d249f580926e20f55a251d,,https://www.ncbi.nlm.nih.gov/pubmed/20587347
"Genetics of HPA-axis, depression and suicidality.","Wasserman D, Wasserman J, Sokolowski M",Eur. Psychiatry,2010,2010-06-00,2010-05-07,25,5,278-280,10.1016/j.eurpsy.2009.12.016,20444578,NGI Uppsala (SNP&SEQ Technology Platform),,ddc11c747e5a46b69b6a911e4a3d282e,https://publications.scilifelab.se/publication/ddc11c747e5a46b69b6a911e4a3d282e,https://doi.org/10.1016/j.eurpsy.2009.12.016,https://www.ncbi.nlm.nih.gov/pubmed/20444578
Molecular make-up of the glomerular filtration barrier.,"Patrakka J, Tryggvason K",Biochem. Biophys. Res. Commun.,2010,2010-05-21,2010-05-25,396,1,164-169,10.1016/j.bbrc.2010.04.069,20494132,Bioinformatics and Expression Analysis (BEA),,8347bc31d006484d9b51a42647ad9906,https://publications.scilifelab.se/publication/8347bc31d006484d9b51a42647ad9906,https://doi.org/10.1016/j.bbrc.2010.04.069,https://www.ncbi.nlm.nih.gov/pubmed/20494132
Analysis of lipid pathway genes indicates association of sequence variation near SREBF1/TOM1L2/ATPAF2 with dementia risk.,"Reynolds CA, Hong MG, Eriksson UK, Blennow K, Wiklund F, Johansson B, Malmberg B, Berg S, Alexeyenko A, Grönberg H, Gatz M, Pedersen NL, Prince JA",Hum. Mol. Genet.,2010,2010-05-15,2010-02-20,19,10,2068-2078,10.1093/hmg/ddq079,20167577,NGI Uppsala (SNP&SEQ Technology Platform),,ec78f43d06c64b1393b2f14542acec0b,https://publications.scilifelab.se/publication/ec78f43d06c64b1393b2f14542acec0b,https://doi.org/10.1093/hmg/ddq079,https://www.ncbi.nlm.nih.gov/pubmed/20167577
Adipose tissue pathways involved in weight loss of cancer cachexia.,"Dahlman I, Mejhert N, Linder K, Agustsson T, Mutch DM, Kulyte A, Isaksson B, Permert J, Petrovic N, Nedergaard J, Sjölin E, Brodin D, Clement K, Dahlman-Wright K, Rydén M, Arner P",Br. J. Cancer,2010,2010-05-11,2010-04-22,102,10,1541-1548,10.1038/sj.bjc.6605665,20407445,Bioinformatics and Expression Analysis (BEA),,f6e5f676a068403583e89b8d29fd0d0a,https://publications.scilifelab.se/publication/f6e5f676a068403583e89b8d29fd0d0a,https://doi.org/10.1038/sj.bjc.6605665,https://www.ncbi.nlm.nih.gov/pubmed/20407445
Genetic risk factors in lupus nephritis and IgA nephropathy--no support of an overlap.,"Vuong MT, Gunnarsson I, Lundberg S, Svenungsson E, Wramner L, Fernström A, Syvänen AC, Do LT, Jacobson SH, Padyukov L",PLoS ONE,2010,2010-05-10,2010-05-10,5,5,e10559,10.1371/journal.pone.0010559,20479942,NGI Uppsala (SNP&SEQ Technology Platform),,c66ffc1dfbfe4c829521cad5676192aa,https://publications.scilifelab.se/publication/c66ffc1dfbfe4c829521cad5676192aa,https://doi.org/10.1371/journal.pone.0010559,https://www.ncbi.nlm.nih.gov/pubmed/20479942
Chd1 remodelers maintain open chromatin and regulate the epigenetics of differentiation.,"Persson J, Ekwall K",Exp. Cell Res.,2010,2010-05-01,2010-03-10,316,8,1316-1323,10.1016/j.yexcr.2010.02.029,20211173,Bioinformatics and Expression Analysis (BEA),,fb56aeb8a1f04bccbc29a1eec7c57464,https://publications.scilifelab.se/publication/fb56aeb8a1f04bccbc29a1eec7c57464,https://doi.org/10.1016/j.yexcr.2010.02.029,https://www.ncbi.nlm.nih.gov/pubmed/20211173
Gene-specific and global methylation patterns predict outcome in patients with acute myeloid leukemia.,"Deneberg S, Grövdal M, Karimi M, Jansson M, Nahi H, Corbacioglu A, Gaidzik V, Döhner K, Paul C, Ekström TJ, Hellström-Lindberg E, Lehmann S",Leukemia,2010,2010-05-00,2010-03-20,24,5,932-941,10.1038/leu.2010.41,20237504,Bioinformatics and Expression Analysis (BEA),,143538165b3a488da6cf242482f928d7,https://publications.scilifelab.se/publication/143538165b3a488da6cf242482f928d7,https://doi.org/10.1038/leu.2010.41,https://www.ncbi.nlm.nih.gov/pubmed/20237504
"Abundance and expression of enantioselective rdpA and sdpA dioxygenase genes during degradation of the racemic herbicide (R,S)-2-(2,4-dichlorophenoxy)propionate in soil.","Paulin MM, Nicolaisen MH, Sørensen J",Appl. Environ. Microbiol.,2010,2010-05-00,2010-03-23,76,9,2873-2883,10.1128/AEM.02270-09,20305027,NGI Uppsala (Uppsala Genome Center),,1fa9a8f1e3cc4b2593e33ace7d4c1104,https://publications.scilifelab.se/publication/1fa9a8f1e3cc4b2593e33ace7d4c1104,https://doi.org/10.1128/AEM.02270-09,https://www.ncbi.nlm.nih.gov/pubmed/20305027
Detailed physiologic characterization reveals diverse mechanisms for novel genetic Loci regulating glucose and insulin metabolism in humans.,"Ingelsson E, Langenberg C, Hivert MF, Prokopenko I, Lyssenko V, Dupuis J, Mägi R, Sharp S, Jackson AU, Assimes TL, Shrader P, Knowles JW, Zethelius B, Abbasi FA, Bergman RN, Bergmann A, Berne C, Boehnke M, Bonnycastle LL, Bornstein SR, Buchanan TA, Bumpstead SJ, Böttcher Y, Chines P, Collins FS, Cooper CC, Dennison EM, Erdos MR, Ferrannini E, Fox CS, Graessler J, Hao K, Isomaa B, Jameson KA, Kovacs P, Kuusisto J, Laakso M, Ladenvall C, Mohlke KL, Morken MA, Narisu N, Nathan DM, Pascoe L, Payne F, Petrie JR, Sayer AA, Schwarz PE, Scott LJ, Stringham HM, Stumvoll M, Swift AJ, Syvänen AC, Tuomi T, Tuomilehto J, Tönjes A, Valle TT, Williams GH, Lind L, Barroso I, Quertermous T, Walker M, Wareham NJ, Meigs JB, McCarthy MI, Groop L, Watanabe RM, Florez JC, MAGIC investigators ",Diabetes,2010,2010-05-00,2010-02-27,59,5,1266-1275,10.2337/db09-1568,20185807,NGI Uppsala (SNP&SEQ Technology Platform),,4896fad053ba487492e6c05d927705fa,https://publications.scilifelab.se/publication/4896fad053ba487492e6c05d927705fa,https://doi.org/10.2337/db09-1568,https://www.ncbi.nlm.nih.gov/pubmed/20185807
The impact of RNA standardization and heterogeneous gene expression on the results of cDNA array of human breast carcinoma.,"Khoshnoud R, He Q, Sylván M, Khoshnoud A, Ivarsson M, Fornander T, Bergh J, Frisell J, Rutqvist L, Skog S",Int. J. Mol. Med.,2010,2010-05-00,2010-04-08,25,5,735-741,10.3892/ijmm_00000399,20372817,Bioinformatics and Expression Analysis (BEA),,4c9618beb27b4bb089b1fd3545d1736b,https://publications.scilifelab.se/publication/4c9618beb27b4bb089b1fd3545d1736b,https://doi.org/10.3892/ijmm_00000399,https://www.ncbi.nlm.nih.gov/pubmed/20372817
Mapping of the fibroblast growth factors in human white adipose tissue.,"Mejhert N, Galitzky J, Pettersson AT, Bambace C, Blomqvist L, Bouloumié A, Frayn KN, Dahlman I, Arner P, Rydén M",J. Clin. Endocrinol. Metab.,2010,2010-05-00,2010-03-17,95,5,2451-2457,10.1210/jc.2009-2049,20228166,Bioinformatics and Expression Analysis (BEA),,502a7a8e7d64496aa6c1aac673caa148,https://publications.scilifelab.se/publication/502a7a8e7d64496aa6c1aac673caa148,https://doi.org/10.1210/jc.2009-2049,https://www.ncbi.nlm.nih.gov/pubmed/20228166
A STAT4 risk allele is associated with ischaemic cerebrovascular events and anti-phospholipid antibodies in systemic lupus erythematosus.,"Svenungsson E, Gustafsson J, Leonard D, Sandling J, Gunnarsson I, Nordmark G, Jönsen A, Bengtsson AA, Sturfelt G, Rantapää-Dahlqvist S, Elvin K, Sundin U, Garnier S, Simard JF, Sigurdsson S, Padyukov L, Syvänen AC, Rönnblom L",Ann. Rheum. Dis.,2010,2010-05-00,2009-09-19,69,5,834-840,10.1136/ard.2009.115535,19762360,NGI Uppsala (SNP&SEQ Technology Platform),,a81ebdee175445d3a29fdb452699f538,https://publications.scilifelab.se/publication/a81ebdee175445d3a29fdb452699f538,https://doi.org/10.1136/ard.2009.115535,https://www.ncbi.nlm.nih.gov/pubmed/19762360
Variation in STAT4 is associated with systemic lupus erythematosus in a Finnish family cohort.,"Hellquist A, Sandling JK, Zucchelli M, Koskenmies S, Julkunen H, D'Amato M, Garnier S, Syvänen AC, Kere J",Ann. Rheum. Dis.,2010,2010-05-00,2009-09-01,69,5,883-886,10.1136/ard.2009.112284,19717398,NGI Uppsala (SNP&SEQ Technology Platform),,b2df56d90ea1429f87f61e9fef9a9962,https://publications.scilifelab.se/publication/b2df56d90ea1429f87f61e9fef9a9962,https://doi.org/10.1136/ard.2009.112284,https://www.ncbi.nlm.nih.gov/pubmed/19717398
A single fixation protocol for proteome-wide immunofluorescence localization studies.,"Stadler C, Skogs M, Brismar H, Uhlén M, Lundberg E",J Proteomics,2010,2010-04-18,2009-11-10,73,6,1067-1078,10.1016/j.jprot.2009.10.012,19896565,Cell Profiling,,90e28024d1b044f989e50b6052ceca1a,https://publications.scilifelab.se/publication/90e28024d1b044f989e50b6052ceca1a,https://doi.org/10.1016/j.jprot.2009.10.012,https://www.ncbi.nlm.nih.gov/pubmed/19896565
Increased throughput by parallelization of library preparation for massive sequencing.,"Lundin S, Stranneheim H, Pettersson E, Klevebring D, Lundeberg J",PLoS ONE,2010,2010-04-06,2010-04-06,5,4,e10029,10.1371/journal.pone.0010029,20386591,"NGI Stockholm (Genomics Applications), NGI Stockholm (Genomics Production)",,5fc6cb82fbc442d59885c1bf360c1fe5,https://publications.scilifelab.se/publication/5fc6cb82fbc442d59885c1bf360c1fe5,https://doi.org/10.1371/journal.pone.0010029,https://www.ncbi.nlm.nih.gov/pubmed/20386591
Tumour-specific HMG-CoAR is an independent predictor of recurrence free survival in epithelial ovarian cancer.,"Brennan DJ, Brändstedt J, Rexhepaj E, Foley M, Pontén F, Uhlén M, Gallagher WM, O'Connor DP, O'Herlihy C, Jirstrom K",BMC Cancer,2010,2010-04-01,2010-04-01,10,,125,10.1186/1471-2407-10-125,20359358,Tissue Profiling,,429804ab762c412ca8c87002ab2edf17,https://publications.scilifelab.se/publication/429804ab762c412ca8c87002ab2edf17,https://doi.org/10.1186/1471-2407-10-125,https://www.ncbi.nlm.nih.gov/pubmed/20359358
The recombination landscape of the zebra finch Taeniopygia guttata genome.,"Backström N, Forstmeier W, Schielzeth H, Mellenius H, Nam K, Bolund E, Webster MT, Ost T, Schneider M, Kempenaers B, Ellegren H",Genome Res.,2010,2010-04-00,2010-03-31,20,4,485-495,10.1101/gr.101410.109,20357052,NGI Uppsala (SNP&SEQ Technology Platform),,5f2f9fd939be499bb22216fafb21e614,https://publications.scilifelab.se/publication/5f2f9fd939be499bb22216fafb21e614,https://doi.org/10.1101/gr.101410.109,https://www.ncbi.nlm.nih.gov/pubmed/20357052
"ELMOD2, a candidate gene for idiopathic pulmonary fibrosis, regulates antiviral responses.","Pulkkinen V, Bruce S, Rintahaka J, Hodgson U, Laitinen T, Alenius H, Kinnula VL, Myllärniemi M, Matikainen S, Kere J",FASEB J.,2010,2010-04-00,2009-12-08,24,4,1167-1177,10.1096/fj.09-138545,19966137,Bioinformatics and Expression Analysis (BEA),,8099611119984c948ebfce6afb8896c2,https://publications.scilifelab.se/publication/8099611119984c948ebfce6afb8896c2,https://doi.org/10.1096/fj.09-138545,https://www.ncbi.nlm.nih.gov/pubmed/19966137
"Reaction mechanism of 5,8-linoleate diol synthase, 10R-dioxygenase, and 8,11-hydroperoxide isomerase of Aspergillus clavatus.","Jernerén F, Garscha U, Hoffmann I, Hamberg M, Oliw EH",Biochim. Biophys. Acta,2010,2010-04-00,2010-01-05,1801,4,503-507,10.1016/j.bbalip.2009.12.012,20045744,NGI Uppsala (Uppsala Genome Center),,9ef62eced5e1409b90aec4ff52553390,https://publications.scilifelab.se/publication/9ef62eced5e1409b90aec4ff52553390,https://doi.org/10.1016/j.bbalip.2009.12.012,https://www.ncbi.nlm.nih.gov/pubmed/20045744
Increased serum progesterone and estradiol correlate to increased COX-2 tissue expression in cervical intraepithelial neoplasia.,"Samir R, Tot T, Asplund A, Pekar G, Hellberg D",Anticancer Res.,2010,2010-04-00,2010-06-10,30,4,1217-1222,,20530431,Tissue Profiling,,b415728393504e02b54392dedbf91a1e,https://publications.scilifelab.se/publication/b415728393504e02b54392dedbf91a1e,,https://www.ncbi.nlm.nih.gov/pubmed/20530431
"Copy number variation, chromosome rearrangement, and their association with recombination during avian evolution.","Völker M, Backström N, Skinner BM, Langley EJ, Bunzey SK, Ellegren H, Griffin DK",Genome Res.,2010,2010-04-00,2010-03-31,20,4,503-511,10.1101/gr.103663.109,20357050,NGI Uppsala (SNP&SEQ Technology Platform),,d77402aa0bfd4c2b9a5eff001d5d63bb,https://publications.scilifelab.se/publication/d77402aa0bfd4c2b9a5eff001d5d63bb,https://doi.org/10.1101/gr.103663.109,https://www.ncbi.nlm.nih.gov/pubmed/20357050
Linkage and genome-wide association analysis of obesity-related phenotypes: association of weight with the MGAT1 gene.,"Johansson A, Marroni F, Hayward C, Franklin CS, Kirichenko AV, Jonasson I, Hicks AA, Vitart V, Isaacs A, Axenovich T, Campbell S, Floyd J, Hastie N, Knott S, Lauc G, Pichler I, Rotim K, Wild SH, Zorkoltseva IV, Wilson JF, Rudan I, Campbell H, Pattaro C, Pramstaller P, Oostra BA, Wright AF, van Duijn CM, Aulchenko YS, Gyllensten U, EUROSPAN Consortium ",Obesity (Silver Spring),2010,2010-04-00,2009-10-24,18,4,803-808,10.1038/oby.2009.359,19851299,"NGI Stockholm (Genomics Applications), NGI Stockholm (Genomics Production)",,ea6af73e36d641a7a96ebe4cb53e20ea,https://publications.scilifelab.se/publication/ea6af73e36d641a7a96ebe4cb53e20ea,https://doi.org/10.1038/oby.2009.359,https://www.ncbi.nlm.nih.gov/pubmed/19851299
"Novel associations of multiple genetic loci with plasma levels of factor VII, factor VIII, and von Willebrand factor: The CHARGE (Cohorts for Heart and Aging Research in Genome Epidemiology) Consortium.","Smith NL, Chen MH, Dehghan A, Strachan DP, Basu S, Soranzo N, Hayward C, Rudan I, Sabater-Lleal M, Bis JC, de Maat MP, Rumley A, Kong X, Yang Q, Williams FM, Vitart V, Campbell H, Mälarstig A, Wiggins KL, Van Duijn CM, McArdle WL, Pankow JS, Johnson AD, Silveira A, McKnight B, Uitterlinden AG, Wellcome Trust Case Control Consortium; , Aleksic N, Meigs JB, Peters A, Koenig W, Cushman M, Kathiresan S, Rotter JI, Bovill EG, Hofman A, Boerwinkle E, Tofler GH, Peden JF, Psaty BM, Leebeek F, Folsom AR, Larson MG, Spector TD, Wright AF, Wilson JF, Hamsten A, Lumley T, Witteman JC, Tang W, O'Donnell CJ",Circulation,2010,2010-03-30,2010-03-17,121,12,1382-1392,10.1161/CIRCULATIONAHA.109.869156,20231535,NGI Uppsala (SNP&SEQ Technology Platform),,fcbf14320d5940089c81f815bf63a72e,https://publications.scilifelab.se/publication/fcbf14320d5940089c81f815bf63a72e,https://doi.org/10.1161/CIRCULATIONAHA.109.869156,https://www.ncbi.nlm.nih.gov/pubmed/20231535
Genome-wide characterisation of the Gcn5 histone acetyltransferase in budding yeast during stress adaptation reveals evolutionarily conserved and diverged roles.,"Xue-Franzén Y, Johnsson A, Brodin D, Henriksson J, Bürglin TR, Wright AP",BMC Genomics,2010,2010-03-25,2010-03-25,11,,200,10.1186/1471-2164-11-200,20338033,Bioinformatics and Expression Analysis (BEA),,58f43beadb93437ea9cafbb654feb5e5,https://publications.scilifelab.se/publication/58f43beadb93437ea9cafbb654feb5e5,https://doi.org/10.1186/1471-2164-11-200,https://www.ncbi.nlm.nih.gov/pubmed/20338033
Whole-genome resequencing reveals loci under selection during chicken domestication.,"Rubin CJ, Zody MC, Eriksson J, Meadows JR, Sherwood E, Webster MT, Jiang L, Ingman M, Sharpe T, Ka S, Hallböök F, Besnier F, Carlborg O, Bed'hom B, Tixier-Boichard M, Jensen P, Siegel P, Lindblad-Toh K, Andersson L",Nature,2010,2010-03-25,2010-03-12,464,7288,587-591,10.1038/nature08832,20220755,"NGI Stockholm (Genomics Applications), NGI Stockholm (Genomics Production), NGI Uppsala (Uppsala Genome Center)",,96615cb5b131417481f41f74a9157a2c,https://publications.scilifelab.se/publication/96615cb5b131417481f41f74a9157a2c,https://doi.org/10.1038/nature08832,https://www.ncbi.nlm.nih.gov/pubmed/20220755
In-depth transcriptome analysis reveals novel TARs and prevalent antisense transcription in human cell lines.,"Klevebring D, Bjursell M, Emanuelsson O, Lundeberg J",PLoS ONE,2010,2010-03-25,2010-03-25,5,3,e9762,10.1371/journal.pone.0009762,20360838,"NGI Stockholm (Genomics Applications), NGI Stockholm (Genomics Production), NGI Uppsala (Uppsala Genome Center)",,a7c4ba8f72e04c9c8308399386e2a7b5,https://publications.scilifelab.se/publication/a7c4ba8f72e04c9c8308399386e2a7b5,https://doi.org/10.1371/journal.pone.0009762,https://www.ncbi.nlm.nih.gov/pubmed/20360838
Short-term antibiotic treatment has differing long-term impacts on the human throat and gut microbiome.,"Jakobsson HE, Jernberg C, Andersson AF, Sjölund-Karlsson M, Jansson JK, Engstrand L",PLoS ONE,2010,2010-03-24,2010-03-24,5,3,e9836,10.1371/journal.pone.0009836,20352091,"NGI Stockholm (Genomics Applications), NGI Stockholm (Genomics Production)",,5fe24daff5ce4d53a26ce856d08b8163,https://publications.scilifelab.se/publication/5fe24daff5ce4d53a26ce856d08b8163,https://doi.org/10.1371/journal.pone.0009836,https://www.ncbi.nlm.nih.gov/pubmed/20352091
Sustained inflammation due to nuclear factor-kappa B activation in irradiated human arteries.,"Halle M, Gabrielsen A, Paulsson-Berne G, Gahm C, Agardh HE, Farnebo F, Tornvall P",J. Am. Coll. Cardiol.,2010,2010-03-23,2010-03-20,55,12,1227-1236,10.1016/j.jacc.2009.10.047,20298930,Bioinformatics and Expression Analysis (BEA),,5d2e408f2ad346f8b33e499d82501418,https://publications.scilifelab.se/publication/5d2e408f2ad346f8b33e499d82501418,https://doi.org/10.1016/j.jacc.2009.10.047,https://www.ncbi.nlm.nih.gov/pubmed/20298930
Investigation of gene dosage imbalances in patients with Noonan syndrome using multiplex ligation-dependent probe amplification analysis.,"Nyström AM, Ekvall S, Thuresson AC, Denayer E, Legius E, Kamali-Moghaddam M, Westermark B, Annerén G, Bondeson ML",Eur J Med Genet,2010,2010-03-17,2010-03-17,53,3,117-121,10.1016/j.ejmg.2010.03.001,20302979,NGI Uppsala (Uppsala Genome Center),,1bd62d3b4fc04ffdb1f82baffda989e0,https://publications.scilifelab.se/publication/1bd62d3b4fc04ffdb1f82baffda989e0,https://doi.org/10.1016/j.ejmg.2010.03.001,https://www.ncbi.nlm.nih.gov/pubmed/20302979
Global and unbiased detection of splice junctions from RNA-seq data.,"Ameur A, Wetterbom A, Feuk L, Gyllensten U",Genome Biol.,2010,2010-03-17,2010-03-17,11,3,R34,10.1186/gb-2010-11-3-r34,20236510,"NGI Stockholm (Genomics Applications), NGI Stockholm (Genomics Production), NGI Uppsala (Uppsala Genome Center)",,7607d00abcf8496ab4d3c0821314931f,https://publications.scilifelab.se/publication/7607d00abcf8496ab4d3c0821314931f,https://doi.org/10.1186/gb-2010-11-3-r34,https://www.ncbi.nlm.nih.gov/pubmed/20236510
The sexually antagonistic genes of Drosophila melanogaster.,"Innocenti P, Morrow EH",PLoS Biol.,2010,2010-03-16,2010-03-16,8,3,e1000335,10.1371/journal.pbio.1000335,20305719,Array and Analysis Facility,,33d8bc4f851d44bab399bb25c345b0c5,https://publications.scilifelab.se/publication/33d8bc4f851d44bab399bb25c345b0c5,https://doi.org/10.1371/journal.pbio.1000335,https://www.ncbi.nlm.nih.gov/pubmed/20305719
"The tryptophan hydroxylase 1 (TPH1) gene, schizophrenia susceptibility, and suicidal behavior: a multi-centre case-control study and meta-analysis.","Saetre P, Lundmark P, Wang A, Hansen T, Rasmussen HB, Djurovic S, Melle I, Andreassen OA, Werge T, Agartz I, Hall H, Terenius L, Jönsson EG",Am. J. Med. Genet. B Neuropsychiatr. Genet.,2010,2010-03-05,2009-06-16,153B,2,387-396,10.1002/ajmg.b.30991,19526457,NGI Uppsala (SNP&SEQ Technology Platform),,09a9a03772dd4a6c96457b18949cedff,https://publications.scilifelab.se/publication/09a9a03772dd4a6c96457b18949cedff,https://doi.org/10.1002/ajmg.b.30991,https://www.ncbi.nlm.nih.gov/pubmed/19526457
Association between methylenetetrahydrofolate reductase (MTHFR) C677T polymorphism and age of onset in schizophrenia.,"Vares M, Saetre P, Deng H, Cai G, Liu X, Hansen T, Rasmussen HB, Werge T, Melle I, Djurovic S, Andreassen OA, Agartz I, Hall H, Terenius L, Jönsson EG",Am. J. Med. Genet. B Neuropsychiatr. Genet.,2010,2010-03-05,2009-09-12,153B,2,610-618,10.1002/ajmg.b.31030,19746410,NGI Uppsala (SNP&SEQ Technology Platform),,d603403f927947938d9152a4c4dc63d3,https://publications.scilifelab.se/publication/d603403f927947938d9152a4c4dc63d3,https://doi.org/10.1002/ajmg.b.31030,https://www.ncbi.nlm.nih.gov/pubmed/19746410
Comparative genomics based on massive parallel transcriptome sequencing reveals patterns of substitution and selection across 10 bird species.,"Künstner A, Wolf JB, Backström N, Whitney O, Balakrishnan CN, Day L, Edwards SV, Janes DE, Schlinger BA, Wilson RK, Jarvis ED, Warren WC, Ellegren H",Mol. Ecol.,2010,2010-03-00,2010-04-02,19 Suppl 1,,266-276,10.1111/j.1365-294X.2009.04487.x,20331785,"NGI Stockholm (Genomics Applications), NGI Stockholm (Genomics Production)",,164404029f4a4a9a9c060ce21f1eb099,https://publications.scilifelab.se/publication/164404029f4a4a9a9c060ce21f1eb099,https://doi.org/10.1111/j.1365-294X.2009.04487.x,https://www.ncbi.nlm.nih.gov/pubmed/20331785
Appearance of Cxcl10-expressing cell clusters is common for traumatic brain injury and neurodegenerative disorders.,"Israelsson C, Bengtsson H, Lobell A, Nilsson LN, Kylberg A, Isaksson M, Wootz H, Lannfelt L, Kullander K, Hillered L, Ebendal T",Eur. J. Neurosci.,2010,2010-03-00,2010-04-09,31,5,852-863,10.1111/j.1460-9568.2010.07105.x,20374285,Array and Analysis Facility,,761dcca202684ddd85283ce9be32b8c6,https://publications.scilifelab.se/publication/761dcca202684ddd85283ce9be32b8c6,https://doi.org/10.1111/j.1460-9568.2010.07105.x,https://www.ncbi.nlm.nih.gov/pubmed/20374285
The impact of tissue fixatives on morphology and antibody-based protein profiling in tissues and cells.,"Paavilainen L, Edvinsson A, Asplund A, Hober S, Kampf C, Pontén F, Wester K",J. Histochem. Cytochem.,2010,2010-03-00,2009-11-11,58,3,237-246,10.1369/jhc.2009.954321,19901271,Tissue Profiling,,edae7ecf86524014a794009823055c99,https://publications.scilifelab.se/publication/edae7ecf86524014a794009823055c99,https://doi.org/10.1369/jhc.2009.954321,https://www.ncbi.nlm.nih.gov/pubmed/19901271
Molecular profiling using tissue microarrays as a tool to identify predictive biomarkers in laryngeal cancer treated with radiotherapy.,"Holgersson G, Ekman S, Reizenstein J, Bergqvist M, Pontén F, Uhlén M, Magnusson K, Jonnalagadda P, Asplund A, Strömberg S, Linder A, Blomquist E, Liljeholm M, Lödén B, Hellström K, Bergström S",Cancer Genomics Proteomics,2010,2010-02-26,2010-02-26,7,1,1-7,,20181625,Tissue Profiling,,56cce9107c664ed28106aea7b9231404,https://publications.scilifelab.se/publication/56cce9107c664ed28106aea7b9231404,,https://www.ncbi.nlm.nih.gov/pubmed/20181625
Gene-specific FACS sorting method for target selection in high-throughput amplicon sequencing.,"Sandberg J, Neiman M, Ahmadian A, Lundeberg J",BMC Genomics,2010,2010-02-26,2010-02-26,11,,140,10.1186/1471-2164-11-140,20184782,"NGI Stockholm (Genomics Applications), NGI Stockholm (Genomics Production)",,69b4e0a9132849dfa4d5a7cc15ddc6ac,https://publications.scilifelab.se/publication/69b4e0a9132849dfa4d5a7cc15ddc6ac,https://doi.org/10.1186/1471-2164-11-140,https://www.ncbi.nlm.nih.gov/pubmed/20184782
High-density linkage mapping and evolution of paralogs and orthologs in Salix and Populus.,"Berlin S, Lagercrantz U, von Arnold S, Ost T, Rönnberg-Wästljung AC",BMC Genomics,2010,2010-02-23,2010-02-23,11,,129,10.1186/1471-2164-11-129,20178595,"NGI Uppsala (SNP&SEQ Technology Platform), NGI Uppsala (Uppsala Genome Center)",,10b55a25abea4522937f46c043a9c3f0,https://publications.scilifelab.se/publication/10b55a25abea4522937f46c043a9c3f0,https://doi.org/10.1186/1471-2164-11-129,https://www.ncbi.nlm.nih.gov/pubmed/20178595
Coffee consumption and CYP1A2 genotype in relation to bone mineral density of the proximal femur in elderly men and women: a cohort study.,"Hallström H, Melhus H, Glynn A, Lind L, Syvänen AC, Michaëlsson K",Nutr Metab (Lond),2010,2010-02-22,2010-02-22,7,,12,10.1186/1743-7075-7-12,20175915,NGI Uppsala (SNP&SEQ Technology Platform),,e1e9a5723dd34c29b362e21763b892c9,https://publications.scilifelab.se/publication/e1e9a5723dd34c29b362e21763b892c9,https://doi.org/10.1186/1743-7075-7-12,https://www.ncbi.nlm.nih.gov/pubmed/20175915
DNA methylation for subtype classification and prediction of treatment outcome in patients with childhood acute lymphoblastic leukemia.,"Milani L, Lundmark A, Kiialainen A, Nordlund J, Flaegstad T, Forestier E, Heyman M, Jonmundsson G, Kanerva J, Schmiegelow K, Söderhäll S, Gustafsson MG, Lönnerholm G, Syvänen AC",Blood,2010,2010-02-11,2009-12-08,115,6,1214-1225,10.1182/blood-2009-04-214668,19965625,NGI Uppsala (SNP&SEQ Technology Platform),,db252fe3a6d444f78780657e81e994ed,https://publications.scilifelab.se/publication/db252fe3a6d444f78780657e81e994ed,https://doi.org/10.1182/blood-2009-04-214668,https://www.ncbi.nlm.nih.gov/pubmed/19965625
SUMOylation mediates the nuclear translocation and signaling of the IGF-1 receptor.,"Sehat B, Tofigh A, Lin Y, Trocmé E, Liljedahl U, Lagergren J, Larsson O",Sci Signal,2010,2010-02-09,2010-02-09,3,108,ra10,10.1126/scisignal.2000628,20145208,NGI Uppsala (SNP&SEQ Technology Platform),,a8606ec944474ea6978ada299d0a0417,https://publications.scilifelab.se/publication/a8606ec944474ea6978ada299d0a0417,https://doi.org/10.1126/scisignal.2000628,https://www.ncbi.nlm.nih.gov/pubmed/20145208
Coexisting NRAS and BRAF mutations in primary familial melanomas with specific CDKN2A germline alterations.,"Jovanovic B, Egyhazi S, Eskandarpour M, Ghiorzo P, Palmer JM, Bianchi Scarrà G, Hayward NK, Hansson J",J. Invest. Dermatol.,2010,2010-02-00,2009-09-18,130,2,618-620,10.1038/jid.2009.287,19759551,"NGI Stockholm (Genomics Applications), NGI Stockholm (Genomics Production)",,15ef40b017654d21a684bf04354b27db,https://publications.scilifelab.se/publication/15ef40b017654d21a684bf04354b27db,https://doi.org/10.1038/jid.2009.287,https://www.ncbi.nlm.nih.gov/pubmed/19759551
Sensitive plasma protein analysis by microparticle-based proximity ligation assays.,"Darmanis S, Nong RY, Hammond M, Gu J, Alderborn A, Vänelid J, Siegbahn A, Gustafsdottir S, Ericsson O, Landegren U, Kamali-Moghaddam M",Mol. Cell Proteomics,2010,2010-02-00,2009-12-04,9,2,327-335,10.1074/mcp.M900248-MCP200,19955079,PLA Proteomics,,2ce366571c2d45828cf045d514322f38,https://publications.scilifelab.se/publication/2ce366571c2d45828cf045d514322f38,https://doi.org/10.1074/mcp.M900248-MCP200,https://www.ncbi.nlm.nih.gov/pubmed/19955079
Genetic variants and disease-associated factors contribute to enhanced interferon regulatory factor 5 expression in blood cells of patients with systemic lupus erythematosus.,"Feng D, Stone RC, Eloranta ML, Sangster-Guity N, Nordmark G, Sigurdsson S, Wang C, Alm G, Syvänen AC, Rönnblom L, Barnes BJ",Arthritis Rheum.,2010,2010-02-00,2010-01-30,62,2,562-573,10.1002/art.27223,20112383,NGI Uppsala (SNP&SEQ Technology Platform),,360d1f119ecc432284c62bf9a350c785,https://publications.scilifelab.se/publication/360d1f119ecc432284c62bf9a350c785,https://doi.org/10.1002/art.27223,https://www.ncbi.nlm.nih.gov/pubmed/20112383
Global gene expression analysis of rodent motor neurons following spinal cord injury associates molecular mechanisms with development of postinjury spasticity.,"Wienecke J, Westerdahl AC, Hultborn H, Kiehn O, Ryge J",J. Neurophysiol.,2010,2010-02-00,2009-11-27,103,2,761-778,10.1152/jn.00609.2009,19939961,Bioinformatics and Expression Analysis (BEA),,3f8aa16f05694fb8acaff1255796495c,https://publications.scilifelab.se/publication/3f8aa16f05694fb8acaff1255796495c,https://doi.org/10.1152/jn.00609.2009,https://www.ncbi.nlm.nih.gov/pubmed/19939961
Schizosaccharomyces pombe genome-wide nucleosome mapping reveals positioning mechanisms distinct from those of Saccharomyces cerevisiae.,"Lantermann AB, Straub T, Strålfors A, Yuan GC, Ekwall K, Korber P",Nat. Struct. Mol. Biol.,2010,2010-02-00,2010-01-31,17,2,251-257,10.1038/nsmb.1741,20118936,Bioinformatics and Expression Analysis (BEA),,44a038e26eb24be997b53892bb9dd3ba,https://publications.scilifelab.se/publication/44a038e26eb24be997b53892bb9dd3ba,https://doi.org/10.1038/nsmb.1741,https://www.ncbi.nlm.nih.gov/pubmed/20118936
Connective tissue growth factor is expressed in malignant cells of Hodgkin lymphoma but not in other mature B-cell lymphomas.,"Birgersdotter A, Baumforth KR, Wei W, Murray PG, Sjöberg J, Björkholm M, Porwit A, Ernberg I",Am. J. Clin. Pathol.,2010,2010-02-00,2010-01-23,133,2,271-280,10.1309/AJCPG7H0SSRYKNKH,20093237,Bioinformatics and Expression Analysis (BEA),,7e7f39ef3a3f4f6ab83a443c923bf98c,https://publications.scilifelab.se/publication/7e7f39ef3a3f4f6ab83a443c923bf98c,https://doi.org/10.1309/AJCPG7H0SSRYKNKH,https://www.ncbi.nlm.nih.gov/pubmed/20093237
Genetic variation in GIPR influences the glucose and insulin responses to an oral glucose challenge.,"Saxena R, Hivert MF, Langenberg C, Tanaka T, Pankow JS, Vollenweider P, Lyssenko V, Bouatia-Naji N, Dupuis J, Jackson AU, Kao WH, Li M, Glazer NL, Manning AK, Luan J, Stringham HM, Prokopenko I, Johnson T, Grarup N, Boesgaard TW, Lecoeur C, Shrader P, O'Connell J, Ingelsson E, Couper DJ, Rice K, Song K, Andreasen CH, Dina C, Köttgen A, Le Bacquer O, Pattou F, Taneera J, Steinthorsdottir V, Rybin D, Ardlie K, Sampson M, Qi L, van Hoek M, Weedon MN, Aulchenko YS, Voight BF, Grallert H, Balkau B, Bergman RN, Bielinski SJ, Bonnefond A, Bonnycastle LL, Borch-Johnsen K, Böttcher Y, Brunner E, Buchanan TA, Bumpstead SJ, Cavalcanti-Proença C, Charpentier G, Chen YD, Chines PS, Collins FS, Cornelis M, J Crawford G, Delplanque J, Doney A, Egan JM, Erdos MR, Firmann M, Forouhi NG, Fox CS, Goodarzi MO, Graessler J, Hingorani A, Isomaa B, Jørgensen T, Kivimaki M, Kovacs P, Krohn K, Kumari M, Lauritzen T, Lévy-Marchal C, Mayor V, McAteer JB, Meyre D, Mitchell BD, Mohlke KL, Morken MA, Narisu N, Palmer CN, Pakyz R, Pascoe L, Payne F, Pearson D, Rathmann W, Sandbaek A, Sayer AA, Scott LJ, Sharp SJ, Sijbrands E, Singleton A, Siscovick DS, Smith NL, Sparsø T, Swift AJ, Syddall H, Thorleifsson G, Tönjes A, Tuomi T, Tuomilehto J, Valle TT, Waeber G, Walley A, Waterworth DM, Zeggini E, Zhao JH, GIANT consortium , MAGIC investigators , Illig T, Wichmann HE, Wilson JF, van Duijn C, Hu FB, Morris AD, Frayling TM, Hattersley AT, Thorsteinsdottir U, Stefansson K, Nilsson P, Syvänen AC, Shuldiner AR, Walker M, Bornstein SR, Schwarz P, Williams GH, Nathan DM, Kuusisto J, Laakso M, Cooper C, Marmot M, Ferrucci L, Mooser V, Stumvoll M, Loos RJ, Altshuler D, Psaty BM, Rotter JI, Boerwinkle E, Hansen T, Pedersen O, Florez JC, McCarthy MI, Boehnke M, Barroso I, Sladek R, Froguel P, Meigs JB, Groop L, Wareham NJ, Watanabe RM",Nat. Genet.,2010,2010-02-00,2010-01-19,42,2,142-148,10.1038/ng.521,20081857,NGI Uppsala (SNP&SEQ Technology Platform),,8ac1c52c4ef64f118486c582f1ba47ee,https://publications.scilifelab.se/publication/8ac1c52c4ef64f118486c582f1ba47ee,https://doi.org/10.1038/ng.521,https://www.ncbi.nlm.nih.gov/pubmed/20081857
Comparative protein profiling of serum and plasma using an antibody suspension bead array approach.,"Schwenk JM, Igel U, Kato BS, Nicholson G, Karpe F, Uhlén M, Nilsson P",Proteomics,2010,2010-02-00,2009-12-03,10,3,532-540,10.1002/pmic.200900657,19953555,Plasma Profiling,Technology development,948787308e4448c8b8ce4ef0438881e2,https://publications.scilifelab.se/publication/948787308e4448c8b8ce4ef0438881e2,https://doi.org/10.1002/pmic.200900657,https://www.ncbi.nlm.nih.gov/pubmed/19953555
Sequence variation in SORL1 and dementia risk in Swedes.,"Reynolds CA, Hong MG, Eriksson UK, Blennow K, Johansson B, Malmberg B, Berg S, Gatz M, Pedersen NL, Bennet AM, Prince JA",Neurogenetics,2010,2010-02-00,2009-08-05,11,1,139-142,10.1007/s10048-009-0210-4,19653016,NGI Uppsala (SNP&SEQ Technology Platform),,9ff3b98dad3642b68fabcabed6994ec4,https://publications.scilifelab.se/publication/9ff3b98dad3642b68fabcabed6994ec4,https://doi.org/10.1007/s10048-009-0210-4,https://www.ncbi.nlm.nih.gov/pubmed/19653016
New genetic loci implicated in fasting glucose homeostasis and their impact on type 2 diabetes risk.,"Dupuis J, Langenberg C, Prokopenko I, Saxena R, Soranzo N, Jackson AU, Wheeler E, Glazer NL, Bouatia-Naji N, Gloyn AL, Lindgren CM, Mägi R, Morris AP, Randall J, Johnson T, Elliott P, Rybin D, Thorleifsson G, Steinthorsdottir V, Henneman P, Grallert H, Dehghan A, Hottenga JJ, Franklin CS, Navarro P, Song K, Goel A, Perry JR, Egan JM, Lajunen T, Grarup N, Sparsø T, Doney A, Voight BF, Stringham HM, Li M, Kanoni S, Shrader P, Cavalcanti-Proença C, Kumari M, Qi L, Timpson NJ, Gieger C, Zabena C, Rocheleau G, Ingelsson E, An P, O'Connell J, Luan J, Elliott A, McCarroll SA, Payne F, Roccasecca RM, Pattou F, Sethupathy P, Ardlie K, Ariyurek Y, Balkau B, Barter P, Beilby JP, Ben-Shlomo Y, Benediktsson R, Bennett AJ, Bergmann S, Bochud M, Boerwinkle E, Bonnefond A, Bonnycastle LL, Borch-Johnsen K, Böttcher Y, Brunner E, Bumpstead SJ, Charpentier G, Chen YD, Chines P, Clarke R, Coin LJ, Cooper MN, Cornelis M, Crawford G, Crisponi L, Day IN, de Geus EJ, Delplanque J, Dina C, Erdos MR, Fedson AC, Fischer-Rosinsky A, Forouhi NG, Fox CS, Frants R, Franzosi MG, Galan P, Goodarzi MO, Graessler J, Groves CJ, Grundy S, Gwilliam R, Gyllensten U, Hadjadj S, Hallmans G, Hammond N, Han X, Hartikainen AL, Hassanali N, Hayward C, Heath SC, Hercberg S, Herder C, Hicks AA, Hillman DR, Hingorani AD, Hofman A, Hui J, Hung J, Isomaa B, Johnson PR, Jørgensen T, Jula A, Kaakinen M, Kaprio J, Kesaniemi YA, Kivimaki M, Knight B, Koskinen S, Kovacs P, Kyvik KO, Lathrop GM, Lawlor DA, Le Bacquer O, Lecoeur C, Li Y, Lyssenko V, Mahley R, Mangino M, Manning AK, Martínez-Larrad MT, McAteer JB, McCulloch LJ, McPherson R, Meisinger C, Melzer D, Meyre D, Mitchell BD, Morken MA, Mukherjee S, Naitza S, Narisu N, Neville MJ, Oostra BA, Orrù M, Pakyz R, Palmer CN, Paolisso G, Pattaro C, Pearson D, Peden JF, Pedersen NL, Perola M, Pfeiffer AF, Pichler I, Polasek O, Posthuma D, Potter SC, Pouta A, Province MA, Psaty BM, Rathmann W, Rayner NW, Rice K, Ripatti S, Rivadeneira F, Roden M, Rolandsson O, Sandbaek A, Sandhu M, Sanna S, Sayer AA, Scheet P, Scott LJ, Seedorf U, Sharp SJ, Shields B, Sigurethsson G, Sijbrands EJ, Silveira A, Simpson L, Singleton A, Smith NL, Sovio U, Swift A, Syddall H, Syvänen AC, Tanaka T, Thorand B, Tichet J, Tönjes A, Tuomi T, Uitterlinden AG, van Dijk KW, van Hoek M, Varma D, Visvikis-Siest S, Vitart V, Vogelzangs N, Waeber G, Wagner PJ, Walley A, Walters GB, Ward KL, Watkins H, Weedon MN, Wild SH, Willemsen G, Witteman JC, Yarnell JW, Zeggini E, Zelenika D, Zethelius B, Zhai G, Zhao JH, Zillikens MC, DIAGRAM Consortium , GIANT Consortium , Global BPgen Consortium , Borecki IB, Loos RJ, Meneton P, Magnusson PK, Nathan DM, Williams GH, Hattersley AT, Silander K, Salomaa V, Smith GD, Bornstein SR, Schwarz P, Spranger J, Karpe F, Shuldiner AR, Cooper C, Dedoussis GV, Serrano-Ríos M, Morris AD, Lind L, Palmer LJ, Hu FB, Franks PW, Ebrahim S, Marmot M, Kao WH, Pankow JS, Sampson MJ, Kuusisto J, Laakso M, Hansen T, Pedersen O, Pramstaller PP, Wichmann HE, Illig T, Rudan I, Wright AF, Stumvoll M, Campbell H, Wilson JF, Anders Hamsten on behalf of Procardis Consortium , MAGIC investigators , Bergman RN, Buchanan TA, Collins FS, Mohlke KL, Tuomilehto J, Valle TT, Altshuler D, Rotter JI, Siscovick DS, Penninx BW, Boomsma DI, Deloukas P, Spector TD, Frayling TM, Ferrucci L, Kong A, Thorsteinsdottir U, Stefansson K, van Duijn CM, Aulchenko YS, Cao A, Scuteri A, Schlessinger D, Uda M, Ruokonen A, Jarvelin MR, Waterworth DM, Vollenweider P, Peltonen L, Mooser V, Abecasis GR, Wareham NJ, Sladek R, Froguel P, Watanabe RM, Meigs JB, Groop L, Boehnke M, McCarthy MI, Florez JC, Barroso I",Nat. Genet.,2010,2010-02-00,2010-01-19,42,2,105-116,10.1038/ng.520,20081858,NGI Uppsala (SNP&SEQ Technology Platform),,b7d36330de3a46088fdbdb9fc386bc1f,https://publications.scilifelab.se/publication/b7d36330de3a46088fdbdb9fc386bc1f,https://doi.org/10.1038/ng.520,https://www.ncbi.nlm.nih.gov/pubmed/20081858
Infection of mast cells with live streptococci causes a toll-like receptor 2- and cell-cell contact-dependent cytokine and chemokine response.,"Rönnberg E, Guss B, Pejler G",Infect. Immun.,2010,2010-02-00,2009-11-26,78,2,854-864,10.1128/IAI.01004-09,19933827,Array and Analysis Facility,,ebcd0009f3a841cf85ed682bb9d32f78,https://publications.scilifelab.se/publication/ebcd0009f3a841cf85ed682bb9d32f78,https://doi.org/10.1128/IAI.01004-09,https://www.ncbi.nlm.nih.gov/pubmed/19933827
"Genetic and biochemical studies of SNPs of the mitochondrial A beta-degrading protease, hPreP.","Pinho CM, Björk BF, Alikhani N, Bäckman HG, Eneqvist T, Fratiglioni L, Glaser E, Graff C",Neurosci. Lett.,2010,2010-01-22,2009-12-08,469,2,204-208,10.1016/j.neulet.2009.11.075,19962426,Mutation Analysis Facility (MAF),,403d09b60abf4bac9d77c30dde70eae0,https://publications.scilifelab.se/publication/403d09b60abf4bac9d77c30dde70eae0,https://doi.org/10.1016/j.neulet.2009.11.075,https://www.ncbi.nlm.nih.gov/pubmed/19962426
Differential genome-wide array-based methylation profiles in prognostic subsets of chronic lymphocytic leukemia.,"Kanduri M, Cahill N, Göransson H, Enström C, Ryan F, Isaksson A, Rosenquist R",Blood,2010,2010-01-14,2009-11-10,115,2,296-305,10.1182/blood-2009-07-232868,19897574,"Array and Analysis Facility, NGI Uppsala (SNP&SEQ Technology Platform)",,a5dfb0f136e4469e92b29eeff0b619cb,https://publications.scilifelab.se/publication/a5dfb0f136e4469e92b29eeff0b619cb,https://doi.org/10.1182/blood-2009-07-232868,https://www.ncbi.nlm.nih.gov/pubmed/19897574
Association study of PDE4B gene variants in Scandinavian schizophrenia and bipolar disorder multicenter case-control samples.,"Kähler AK, Otnaess MK, Wirgenes KV, Hansen T, Jönsson EG, Agartz I, Hall H, Werge T, Morken G, Mors O, Mellerup E, Dam H, Koefod P, Melle I, Steen VM, Andreassen OA, Djurovic S",Am. J. Med. Genet. B Neuropsychiatr. Genet.,2010,2010-01-05,2009-04-08,153B,1,86-96,10.1002/ajmg.b.30958,19350560,NGI Uppsala (SNP&SEQ Technology Platform),,4777d0495b8640e0aa5243cc1d702afb,https://publications.scilifelab.se/publication/4777d0495b8640e0aa5243cc1d702afb,https://doi.org/10.1002/ajmg.b.30958,https://www.ncbi.nlm.nih.gov/pubmed/19350560
A computational screen for site selective A-to-I editing detects novel sites in neuron specific Hu proteins.,"Ensterö M, Akerborg O, Lundin D, Wang B, Furey TS, Ohman M, Lagergren J",BMC Bioinformatics,2010,2010-01-04,2010-01-04,11,,6,10.1186/1471-2105-11-6,20047656,"NGI Stockholm (Genomics Applications), NGI Stockholm (Genomics Production)",,b8147baeed3043a69713f4f1ac2f613a,https://publications.scilifelab.se/publication/b8147baeed3043a69713f4f1ac2f613a,https://doi.org/10.1186/1471-2105-11-6,https://www.ncbi.nlm.nih.gov/pubmed/20047656
Large but not small copy-number alterations correlate to high-risk genomic aberrations and survival in chronic lymphocytic leukemia: a high-resolution genomic screening of newly diagnosed patients.,"Gunnarsson R, Isaksson A, Mansouri M, Göransson H, Jansson M, Cahill N, Rasmussen M, Staaf J, Lundin J, Norin S, Buhl AM, Smedby KE, Hjalgrim H, Karlsson K, Jurlander J, Juliusson G, Rosenquist R",Leukemia,2010,2010-01-00,2009-09-11,24,1,211-215,10.1038/leu.2009.187,19741724,Array and Analysis Facility,,1da7009322084dd19cdb9230f1f7bace,https://publications.scilifelab.se/publication/1da7009322084dd19cdb9230f1f7bace,https://doi.org/10.1038/leu.2009.187,https://www.ncbi.nlm.nih.gov/pubmed/19741724
"Characterization of the cytotoxic properties of the benzimidazole fungicides, benomyl and carbendazim, in human tumour cell lines and primary cultures of patient tumour cells.","Laryea D, Gullbo J, Isaksson A, Larsson R, Nygren P",Anticancer Drugs,2010,2010-01-00,2009-09-30,21,1,33-42,10.1097/CAD.0b013e328330e74e,19786863,Array and Analysis Facility,,6390ec72923c41d59b4190f3dbf9493e,https://publications.scilifelab.se/publication/6390ec72923c41d59b4190f3dbf9493e,https://doi.org/10.1097/CAD.0b013e328330e74e,https://www.ncbi.nlm.nih.gov/pubmed/19786863
Modeling of environmental effects in genome-wide association studies identifies SLC2A2 and HP as novel loci influencing serum cholesterol levels.,"Igl W, Johansson A, Wilson JF, Wild SH, Polasek O, Hayward C, Vitart V, Hastie N, Rudan P, Gnewuch C, Schmitz G, Meitinger T, Pramstaller PP, Hicks AA, Oostra BA, van Duijn CM, Rudan I, Wright A, Campbell H, Gyllensten U, EUROSPAN Consortium ",PLoS Genet.,2010,2010-01-00,2010-01-08,6,1,e1000798,10.1371/journal.pgen.1000798,20066028,"NGI Stockholm (Genomics Applications), NGI Stockholm (Genomics Production)",,a2013b85a285454c98f75e9807d53905,https://publications.scilifelab.se/publication/a2013b85a285454c98f75e9807d53905,https://doi.org/10.1371/journal.pgen.1000798,https://www.ncbi.nlm.nih.gov/pubmed/20066028
Association of polymorphisms in the SLIT2 axonal guidance gene with anger in suicide attempters.,"Sokolowski M, Wasserman J, Wasserman D",Mol. Psychiatry,2010,2010-01-00,2009-12-24,15,1,10-11,10.1038/mp.2009.70,20029409,NGI Uppsala (SNP&SEQ Technology Platform),,a4e6280a8bc749d2a9cd215b6c63bc61,https://publications.scilifelab.se/publication/a4e6280a8bc749d2a9cd215b6c63bc61,https://doi.org/10.1038/mp.2009.70,https://www.ncbi.nlm.nih.gov/pubmed/20029409
The 2009 Nobel conference on the role of genetics in promoting suicide prevention and the mental health of the population.,"Wasserman D, Terenius L, Wasserman J, Sokolowski M",Mol. Psychiatry,2010,2010-01-00,2009-12-24,15,1,12-17,10.1038/mp.2009.113,20029410,NGI Uppsala (SNP&SEQ Technology Platform),,c97dc7656927434aa4bdef678dad5e34,https://publications.scilifelab.se/publication/c97dc7656927434aa4bdef678dad5e34,https://doi.org/10.1038/mp.2009.113,https://www.ncbi.nlm.nih.gov/pubmed/20029410
"Tissue-Specific Protein Expression in Human Cells, Tissues and Organs","Gry M, Oksvold P, Pontén F, Uhlén M",JPB,2010,2010-00-00,2010-00-00,03,10,,10.4172/jpb.1000153,,Tissue Profiling,,9e8e6184e92141b8947d4bd5b6f3c8df,https://publications.scilifelab.se/publication/9e8e6184e92141b8947d4bd5b6f3c8df,https://doi.org/10.4172/jpb.1000153,
